"ID"	"Type"	"Name"	"Documentation"	"Source"	"Target"	"Specialization"
"id-abc5ddbfddc44a47b4c44832d3ee7e02"	"AccessRelationship"	""	""	"id-adcc8e9aa7454d43b98138c83f781a04"	"id-bc4e28a262ce4f98aaeee2cf0cb04816"	""
"id-d10aac4bfb024aceb78683895a91f847"	"AccessRelationship"	""	""	"id-dc771ac71def481b9bb4e938d88a9790"	"id-bc4e28a262ce4f98aaeee2cf0cb04816"	""
"id-76deac3c0b1043109ae06d372aa01121"	"AccessRelationship"	""	""	"id-c76c820f60344fdd8a7227e9126c4ed3"	"id-bc4e28a262ce4f98aaeee2cf0cb04816"	""
"id-5c4fdfa7d1f3439ab84cdefa36c5aa93"	"AccessRelationship"	""	""	"id-1a4cc530ce6f40a691ad6ac492bdbd55"	"id-bc4e28a262ce4f98aaeee2cf0cb04816"	""
"id-4689f2285a044832a5a8a1107c042779"	"AccessRelationship"	""	""	"id-d876d277d47048638fe759763989f4f0"	"id-bc4e28a262ce4f98aaeee2cf0cb04816"	""
"id-c6354cac9de142d08c8f77a6d58d7fba"	"AccessRelationship"	""	""	"id-99f3449423d94779977d1250035c9d84"	"id-bc4e28a262ce4f98aaeee2cf0cb04816"	""
"id-4a0529f7436b4d1099f2adb05d7838d1"	"AccessRelationship"	""	""	"id-f48a88b2814a4995a1f9753787f5d4a6"	"id-bc4e28a262ce4f98aaeee2cf0cb04816"	""
"id-314e9f7615d64e6682fc480c25069b0a"	"AccessRelationship"	""	""	"id-0282275118e84d3bbcf7f9868d52a1fa"	"id-bc4e28a262ce4f98aaeee2cf0cb04816"	""
"id-0930085b330c4fcf9fab7c1828c689e5"	"AccessRelationship"	""	""	"id-1cdf5bfa9edd4aae9a1e61d3fec30350"	"id-bc4e28a262ce4f98aaeee2cf0cb04816"	""
"id-1f8646d31d014e41ae13eec1b3ea7fc5"	"AccessRelationship"	""	""	"id-23e5af0708fb4467b610560f4fcb29a4"	"id-bc4e28a262ce4f98aaeee2cf0cb04816"	""
"id-97937c3cbbf24f6e906f0ae340a0253f"	"AccessRelationship"	""	""	"id-ee71097890f7455c8489f6bcc41f3675"	"id-bc4e28a262ce4f98aaeee2cf0cb04816"	""
"id-18b40f1c002549d5a7eb40e420cf9d7e"	"AccessRelationship"	""	""	"id-a709f95e3fc0437db98754d4d4608194"	"id-bc4e28a262ce4f98aaeee2cf0cb04816"	""
"id-6c1942b63c14406baa131255ebc3b4ab"	"AccessRelationship"	""	""	"id-c5cb5b7f20694410ae4fa5706babe04d"	"id-bc4e28a262ce4f98aaeee2cf0cb04816"	""
"id-c1b1c4dc6c1547a8a9b5410ae1d8e015"	"AccessRelationship"	""	""	"id-c2d475b992dc45078a08a1a14ea28f5d"	"id-bc4e28a262ce4f98aaeee2cf0cb04816"	""
"id-2d8cb85ecc5c41beb144fc3e06bed6c5"	"AccessRelationship"	""	""	"id-7da3f3d13c9a4229a15fac833e414ce4"	"id-bc4e28a262ce4f98aaeee2cf0cb04816"	""
"id-caf24668a9d84dc6ad9b71176a1666b3"	"AccessRelationship"	""	""	"id-a47442c6b2fa40cbbc94a50311af5291"	"id-48322fd5bdb44942a4e1228de24cdf28"	""
"id-a8739669710e4d6eb6ea3a7c70975322"	"AccessRelationship"	""	""	"id-65466273a74840dab43bdba14fc6c5fb"	"id-7f2a16be767541d690eea4f8e95c27cf"	""
"id-f419988e732c4709b01a1e192f19d242"	"AccessRelationship"	""	""	"id-a69730108dcd4a798113a877e09e295e"	"id-f2ca3416b8274555859ed28aa4d60c4c"	""
"id-0b17f62346434bc4b9827894e9bed9cf"	"AccessRelationship"	""	""	"id-a69730108dcd4a798113a877e09e295e"	"id-fa4b6cfc9f3b43e8ac00841c15d1cc5e"	""
"id-5da64cbddcc14dc6800fbc5139c9171d"	"AccessRelationship"	""	""	"id-6cb3f4d7838a41be9b6265513e9039b0"	"id-bc4e28a262ce4f98aaeee2cf0cb04816"	""
"id-a1f53269289c4731b83e24591fbcaa75"	"AccessRelationship"	""	""	"id-d57e8937dc4943379a944509d28d1c4d"	"id-bc4e28a262ce4f98aaeee2cf0cb04816"	""
"id-d9f7cc0990214329a3bf18c4397fa9fc"	"AccessRelationship"	""	""	"id-edbf4ed987ac44ec8f174f91f5968593"	"id-bc4e28a262ce4f98aaeee2cf0cb04816"	""
"id-170a4246d8154138b967781de497109c"	"AccessRelationship"	""	""	"id-e6b83a5177264f53893968509385fc92"	"id-bc4e28a262ce4f98aaeee2cf0cb04816"	""
"id-3333b7013dd540f5887b32072a281b2a"	"AccessRelationship"	""	""	"id-0af5506e7b3d465bbeda8d56ef92dba3"	"id-bc4e28a262ce4f98aaeee2cf0cb04816"	""
"id-79b63d1f525540d8bd0d4dcd28f12eef"	"AccessRelationship"	""	""	"id-c1b4b1e130fb4ee685452af164744edd"	"id-bc4e28a262ce4f98aaeee2cf0cb04816"	""
"id-8bc8332715d54bbc9f5560d68e122430"	"AccessRelationship"	""	""	"id-f8afab317dcb4a1c950221d8f8cfb2cb"	"id-bc4e28a262ce4f98aaeee2cf0cb04816"	""
"id-aa4a61214aed40f6991cbe5df515cac4"	"AggregationRelationship"	""	""	"id-ea93fd36ab234bf8bed04f1e61ec54ab"	"id-bf7c3484622440ad85c3270f8b3d656e"	""
"id-6b7a5e76ef894e4dace054be9b84ac62"	"AggregationRelationship"	""	""	"id-ea93fd36ab234bf8bed04f1e61ec54ab"	"id-34fd6363a7fa4330bff4fe96110789d5"	""
"id-1e7e3235e1964bb1b669107982acfa83"	"AggregationRelationship"	""	""	"id-996995356116460bb837b8dcff56028a"	"id-2e18bd8f0ca7425a9d776828f46ffb88"	""
"id-b42ea23b0b8741fdb0f37eed51e74cc8"	"AggregationRelationship"	""	""	"id-996995356116460bb837b8dcff56028a"	"id-ab8cf14ceda14a35a97d69c6499634fb"	""
"id-b04030181a9c4b02abfc60dd6ab4f617"	"AggregationRelationship"	""	""	"id-996995356116460bb837b8dcff56028a"	"id-acc7535f47bc4c6ea753c5b708b65c5d"	""
"id-4f481f0817fd481aa38eacfe430d3995"	"AggregationRelationship"	""	""	"id-996995356116460bb837b8dcff56028a"	"id-569573a17fe44acfa47efb2a8f655297"	""
"id-c891b3ace056446490aa8f357afce55b"	"AggregationRelationship"	""	""	"id-996995356116460bb837b8dcff56028a"	"id-9c862f3694224bf68a1ab6cf2de69d43"	""
"id-2d32655b13074954b26261994c38e238"	"AggregationRelationship"	""	""	"id-996995356116460bb837b8dcff56028a"	"id-540f39e5e5054b2e8247b2f30d76b06a"	""
"id-2885fe4242244de989f68b4e42c2444d"	"AggregationRelationship"	""	""	"id-996995356116460bb837b8dcff56028a"	"id-6c5092a485734e05b8f68f26f2652c85"	""
"id-29efa09442514be99b0769534582d425"	"AggregationRelationship"	""	""	"id-8322dc854d0c43b1a5ec14f0103ed14a"	"id-a6e7a34317f344e4ac6e59bf18b257d9"	""
"id-eefdc79832444f7d9d48ec81e47668ce"	"AggregationRelationship"	""	""	"id-8322dc854d0c43b1a5ec14f0103ed14a"	"id-e6c036ea8d2f4cdebd39dbc68d4db7bb"	""
"id-629857d367f84b1e87cce16415a8dc04"	"AggregationRelationship"	""	""	"id-8322dc854d0c43b1a5ec14f0103ed14a"	"id-d6e1cc5025a14ad39c933dfc5e203ee6"	""
"id-b6044358ec18411c8d51675b2ff6b925"	"AggregationRelationship"	""	""	"id-8322dc854d0c43b1a5ec14f0103ed14a"	"id-adb0788125de434fb5f64bf5e3885d44"	""
"id-baefba00490247229f9ed5a726009e80"	"AggregationRelationship"	""	""	"id-c22dd592cd9e473189aa16be778b5aae"	"id-405e2acf46ee47a39736f671f21fc5d8"	""
"id-5dcb5198cdec4d16bab6cb7c3dd2513f"	"AggregationRelationship"	""	""	"id-ca33bb22e8fb43d89fc41c88036f39f4"	"id-8927b73a93f449a4b4fd9f177a16bab2"	""
"id-0880072b8697401c8987e66a5d938ec2"	"AggregationRelationship"	""	""	"id-ca33bb22e8fb43d89fc41c88036f39f4"	"id-65ff49b52a9048ea86709117725df452"	""
"id-62dc8eed0a8942a0817606226e8c3b85"	"AssignmentRelationship"	""	""	"id-5f4cf514f7024a0199a6bbb8d44336cb"	"id-199efac4746b402bbc3b3b7eb2932b3a"	""
"id-1a7bfde27b6c4ea8aedc25449e60983f"	"AssignmentRelationship"	""	""	"id-5f4cf514f7024a0199a6bbb8d44336cb"	"id-a95cc901a6954ec192b1b08dabe41111"	""
"id-82ea04c54ea54f7e914d821ac35617c9"	"AssignmentRelationship"	""	""	"id-5f4cf514f7024a0199a6bbb8d44336cb"	"id-eb1c32ceac5b498ab27d6bb4fca5df45"	""
"id-ea50963195ba41e5a205d8e175a95803"	"AssignmentRelationship"	""	""	"id-5f4cf514f7024a0199a6bbb8d44336cb"	"id-db059c2c21964563a30328c90a215169"	""
"id-55f26c91380e441b95506ebece4489d1"	"AssignmentRelationship"	""	""	"id-adcc8e9aa7454d43b98138c83f781a04"	"id-62913ece2b3c45d4a067a7494d0208ca"	""
"id-313daa9f85d342b3a445a7fd9c8ff031"	"AssignmentRelationship"	""	""	"id-adcc8e9aa7454d43b98138c83f781a04"	"id-db34bbaa23fd45f2930a7627f7c035a8"	""
"id-c2b3718dc2ba41578f3ff5c36611b98d"	"AssignmentRelationship"	""	""	"id-adcc8e9aa7454d43b98138c83f781a04"	"id-2d19cecdd8804ea3afbbee1969e34986"	""
"id-9027235ba0984b8aa0d31fe2d82c3580"	"AssignmentRelationship"	""	""	"id-adcc8e9aa7454d43b98138c83f781a04"	"id-a48418fb275e4c15b67c79ca92bab174"	""
"id-1ccce92b6262488b9b53e3f0d1cdbf1c"	"AssignmentRelationship"	""	""	"id-adcc8e9aa7454d43b98138c83f781a04"	"id-5d38fe24c1024abe9b9b906d83471883"	""
"id-0d6fa97c00d5437fbe8ba6467a885996"	"AssignmentRelationship"	""	""	"id-adcc8e9aa7454d43b98138c83f781a04"	"id-ea7842b39852402481e9753edc0346ac"	""
"id-63ad04c306784ecf9f79138f5a82fa82"	"AssignmentRelationship"	""	""	"id-adcc8e9aa7454d43b98138c83f781a04"	"id-e54aa09f675b4d989d4458e2f2c55437"	""
"id-0651d993b20f40128722d2b2cb7f73ac"	"AssignmentRelationship"	""	""	"id-adcc8e9aa7454d43b98138c83f781a04"	"id-7ed23fa2b8d3477a81a94e76b10bbebb"	""
"id-6fd3f799154a4ac1b602f936c4447eff"	"AssignmentRelationship"	""	""	"id-adcc8e9aa7454d43b98138c83f781a04"	"id-d57df4ad2a684d4382e38c5e12cf5a90"	""
"id-e2c3f136233e438a90559891e67cf221"	"AssignmentRelationship"	""	""	"id-adcc8e9aa7454d43b98138c83f781a04"	"id-acd552e9cd424aa29c10d1596fd174c5"	""
"id-8233225f82b34e30b097e7f30984756d"	"AssignmentRelationship"	""	""	"id-adcc8e9aa7454d43b98138c83f781a04"	"id-325752875e6b4f2895a0b3e1f2875446"	""
"id-f9647d0c4298467289e29a4bb249b37f"	"AssignmentRelationship"	""	""	"id-adcc8e9aa7454d43b98138c83f781a04"	"id-d8010143ded54f71b0104b1e02f89f26"	""
"id-e675fc1356b84692adade3ef49c0f4d2"	"AssignmentRelationship"	""	""	"id-adcc8e9aa7454d43b98138c83f781a04"	"id-7cf8d1fbd57349a685d97a4f16d3f924"	""
"id-3bc8d289c61c4435a66cabc58641f9c3"	"AssignmentRelationship"	""	""	"id-adcc8e9aa7454d43b98138c83f781a04"	"id-90020adbda02431fbf6e10c781d9ea3f"	""
"id-6e42cefe939241e5a3aedf64c34df43b"	"AssignmentRelationship"	""	""	"id-adcc8e9aa7454d43b98138c83f781a04"	"id-ee1f6643c3204feaa6b4b14f231798a7"	""
"id-8ec9d9dc12b841d39105ff9ea3d6d37c"	"AssignmentRelationship"	""	""	"id-adcc8e9aa7454d43b98138c83f781a04"	"id-8c8055ffe3d34a3d8633b22465e7a06f"	""
"id-3a0ed0aacfb94611b01ca88f83325881"	"AssignmentRelationship"	""	""	"id-adcc8e9aa7454d43b98138c83f781a04"	"id-a2083411bf9d4345b113f7f609623367"	""
"id-c53f1579882345eeb3910dca984a8beb"	"AssignmentRelationship"	""	""	"id-adcc8e9aa7454d43b98138c83f781a04"	"id-6539db82cbf04ba19db9e9289f055294"	""
"id-e4d7dc93724e415fb4fd4cf91405204d"	"AssignmentRelationship"	""	""	"id-adcc8e9aa7454d43b98138c83f781a04"	"id-9ccc5d4a1e95470d8e3070eb70359f69"	""
"id-9507f64da2cd43edbc514db4fdc45942"	"AssignmentRelationship"	""	""	"id-adcc8e9aa7454d43b98138c83f781a04"	"id-d8af45ecf79e4a889ad6340dfdb66d3d"	""
"id-9127471500864d8e815202d27955cedb"	"AssignmentRelationship"	""	""	"id-adcc8e9aa7454d43b98138c83f781a04"	"id-c3e5f92ccad54bf284a01960c1c2eb61"	""
"id-ce607492386c4fb99510ed5527226255"	"AssignmentRelationship"	""	""	"id-adcc8e9aa7454d43b98138c83f781a04"	"id-94db1f03472a49ecb5ea094fefe3c434"	""
"id-0848d9a6d1ae4e779ee3508d45e28645"	"AssignmentRelationship"	""	""	"id-adcc8e9aa7454d43b98138c83f781a04"	"id-47836a5ae115411b837b9b28f9163ece"	""
"id-b0fef35a084b48ce9b8f433644c31179"	"AssignmentRelationship"	""	""	"id-adcc8e9aa7454d43b98138c83f781a04"	"id-f85e26d42a554d62b49004922f876a41"	""
"id-8e050d5f1ba343c59dccde8653f2e59e"	"AssignmentRelationship"	""	""	"id-adcc8e9aa7454d43b98138c83f781a04"	"id-a82970961064416a8f5feb84e8d31b63"	""
"id-5251b854947142e5a5a14e501cd463d4"	"AssignmentRelationship"	""	""	"id-adcc8e9aa7454d43b98138c83f781a04"	"id-8182cb97976643008a6e18d96d2d3ae3"	""
"id-0094ed5be4d543649fa1b0bd645b2803"	"AssignmentRelationship"	""	""	"id-adcc8e9aa7454d43b98138c83f781a04"	"id-7daf54e4d38441d991738ed5bf956af1"	""
"id-e670f69a767d45e7b1cbaa2c213a4515"	"AssignmentRelationship"	""	""	"id-adcc8e9aa7454d43b98138c83f781a04"	"id-aef32662a2ef47f49894a22cafa58903"	""
"id-134bc10a18dc4b7dbbb0a23b3ac17615"	"AssignmentRelationship"	""	""	"id-adcc8e9aa7454d43b98138c83f781a04"	"id-cfabb48231a94c17839097dcda51f737"	""
"id-a700354841564a7c853b2cda48ae94e8"	"AssignmentRelationship"	""	""	"id-adcc8e9aa7454d43b98138c83f781a04"	"id-26c659e694574ee78a5305735e05549b"	""
"id-c9ef0243f28a4d37927d2cf00bd4d267"	"AssignmentRelationship"	""	""	"id-adcc8e9aa7454d43b98138c83f781a04"	"id-6a82c8fe006d43578c863bcb0bb8a3fd"	""
"id-211dadb216d940d3a47a15737388127d"	"AssignmentRelationship"	""	""	"id-adcc8e9aa7454d43b98138c83f781a04"	"id-139538342bb04d04843f91e0978905ac"	""
"id-efda07a29d1a47f9afad4c0525c4a0e7"	"AssignmentRelationship"	""	""	"id-adcc8e9aa7454d43b98138c83f781a04"	"id-8f399928269d4cc69482fd6b2791a49a"	""
"id-1ea10137cef94be388919d16fb82b47e"	"AssignmentRelationship"	""	""	"id-adcc8e9aa7454d43b98138c83f781a04"	"id-7bb8e81849724329b5292c62d588982e"	""
"id-e6ec750851f54a4ab9e7f61a75c45204"	"AssignmentRelationship"	""	""	"id-adcc8e9aa7454d43b98138c83f781a04"	"id-6652bf39e6e84c62bb0484c6bfef95d4"	""
"id-374f598ffd2c432e8780fda56b872ff5"	"AssignmentRelationship"	""	""	"id-adcc8e9aa7454d43b98138c83f781a04"	"id-eb83ac5c3ccf41eca4ab3feb6af43cd4"	""
"id-08f0b27225db42dd8ee1107d10571ea9"	"AssignmentRelationship"	""	""	"id-adcc8e9aa7454d43b98138c83f781a04"	"id-c6194499f1754395b3afc389896ff1f7"	""
"id-e9840e479d1b4f0da7345b193c62ee6f"	"AssignmentRelationship"	""	""	"id-adcc8e9aa7454d43b98138c83f781a04"	"id-0c218c9686a0484d9f07889bc33b9192"	""
"id-6269bf68dbcf47bf8a192bb38225fcbd"	"AssignmentRelationship"	""	""	"id-adcc8e9aa7454d43b98138c83f781a04"	"id-11c6a7ac1bf64871b01f2b36909c76ef"	""
"id-096214e7fc9b4b34bfeb1d98988f4425"	"AssignmentRelationship"	""	""	"id-adcc8e9aa7454d43b98138c83f781a04"	"id-0eefcd0e3c744925845941ddf350997f"	""
"id-73e8f85b13c84b6aaf5c0524568d3f2d"	"AssignmentRelationship"	""	""	"id-adcc8e9aa7454d43b98138c83f781a04"	"id-689803dc532141f2aff67fb219bc4521"	""
"id-2c6d25b538ba498d87e55c9793c8e39f"	"AssignmentRelationship"	""	""	"id-adcc8e9aa7454d43b98138c83f781a04"	"id-aa67f7889c304e18bc52f0c4b48a698c"	""
"id-925b55e8102e40429ae94000bc23aa2a"	"AssignmentRelationship"	""	""	"id-adcc8e9aa7454d43b98138c83f781a04"	"id-82ce5c6bc861481baa3cec5c79e1d8d7"	""
"id-9928cf29506e493d9a567d2bfffbb461"	"AssignmentRelationship"	""	""	"id-adcc8e9aa7454d43b98138c83f781a04"	"id-d6b23c2b651b4e1ca4513c1dde957496"	""
"id-d7dfd243c1364cc4a6a0061a645f699d"	"AssignmentRelationship"	""	""	"id-adcc8e9aa7454d43b98138c83f781a04"	"id-fe3c299d8952422ebd4ed0e6b55d80f2"	""
"id-d1bfa108db564f85b041fe6d89b89a81"	"AssignmentRelationship"	""	""	"id-adcc8e9aa7454d43b98138c83f781a04"	"id-6f2e66603efb4773ba5f787ad4b03197"	""
"id-79107c5a67c44f88acac96751f50956e"	"AssignmentRelationship"	""	""	"id-adcc8e9aa7454d43b98138c83f781a04"	"id-83351599a5b441568f20a063e9722f15"	""
"id-31f3a0215eaa4d339709335a625a58c9"	"AssignmentRelationship"	""	""	"id-adcc8e9aa7454d43b98138c83f781a04"	"id-75ffad3481d0413ca75b4ced79868424"	""
"id-e1992b542ec6434a820dbb0faa8bb6a1"	"AssignmentRelationship"	""	""	"id-adcc8e9aa7454d43b98138c83f781a04"	"id-455d3576dcf84d7abe4cf83c9e91af18"	""
"id-b18c1f5fda9b49ea9a58db065bff88cd"	"AssignmentRelationship"	""	""	"id-adcc8e9aa7454d43b98138c83f781a04"	"id-43593b3004234cb3b0a4ef4c02bff8d5"	""
"id-f5e01368d9ba4b05ba6b0965ae4d32e6"	"AssignmentRelationship"	""	""	"id-adcc8e9aa7454d43b98138c83f781a04"	"id-d11aadad73444de8a195c5491d8cdb30"	""
"id-3905c8ec438341b0bbc060829bd69a8e"	"AssignmentRelationship"	""	""	"id-adcc8e9aa7454d43b98138c83f781a04"	"id-a6f2ea9cfc8446d5a8919f517c3cad2c"	""
"id-769e1d2861cb44b6b2a33352a6e7ca6a"	"AssignmentRelationship"	""	""	"id-adcc8e9aa7454d43b98138c83f781a04"	"id-dec58c12b86c4815a75518bfee1a50d3"	""
"id-ef6b67fd8c98431bb30e1b9067b14aa4"	"AssignmentRelationship"	""	""	"id-adcc8e9aa7454d43b98138c83f781a04"	"id-d17b523cd3694470bab6b4bf7c39bf24"	""
"id-ddd57017c7c64ccfbcd1fdfb95c1935d"	"AssignmentRelationship"	""	""	"id-adcc8e9aa7454d43b98138c83f781a04"	"id-c3d9ce694ab84b228bf41ce491d51ff1"	""
"id-c4bdf5fbed9a4596bd922e92416c0c95"	"AssignmentRelationship"	""	""	"id-adcc8e9aa7454d43b98138c83f781a04"	"id-af96792beb964b0baafddf5dbfdd80e5"	""
"id-3327aeda8360484882791c7d4b181e90"	"AssignmentRelationship"	""	""	"id-adcc8e9aa7454d43b98138c83f781a04"	"id-b3172ef212924ada82befe51f8173eb7"	""
"id-5fbc80bc9ee54cee82a3ad726d6d11e7"	"AssignmentRelationship"	""	""	"id-adcc8e9aa7454d43b98138c83f781a04"	"id-5c05aa029c794682bd9548f60413a0a1"	""
"id-89ee47d8333e48498eae910b8b73201b"	"AssignmentRelationship"	""	""	"id-adcc8e9aa7454d43b98138c83f781a04"	"id-b27689a27f0b47d2b6da6cbca6aa8dcf"	""
"id-3144088b7f1349bbb664f16cc69ef931"	"AssignmentRelationship"	""	""	"id-adcc8e9aa7454d43b98138c83f781a04"	"id-44d3d91876764b658e51242df8d66ba9"	""
"id-d4b2c66a84be4172abfc64255502f55f"	"AssignmentRelationship"	""	""	"id-adcc8e9aa7454d43b98138c83f781a04"	"id-23180fe8c9144a3587ff3f64eab39096"	""
"id-d44a12267aeb477f8b70a97126451ccd"	"AssignmentRelationship"	""	""	"id-adcc8e9aa7454d43b98138c83f781a04"	"id-c245402b3a7e4b4f9d5d8ba2d6d246cb"	""
"id-82b83e01f71e43d0b9ece4bc531f3317"	"AssignmentRelationship"	""	""	"id-adcc8e9aa7454d43b98138c83f781a04"	"id-87723e8585af46bc8b750f1ecc66edf5"	""
"id-b4c63b9a84fa42759798b1f0893cd3c0"	"AssignmentRelationship"	""	""	"id-adcc8e9aa7454d43b98138c83f781a04"	"id-5040ec00a04c482298ecb108deba8259"	""
"id-0860c3b497744c6790ab78e0d6d4c4da"	"AssignmentRelationship"	""	""	"id-adcc8e9aa7454d43b98138c83f781a04"	"id-48e319efd9554015ad0348717db3e6b5"	""
"id-3938aa36629f4d7ca82279b8066ea611"	"AssociationRelationship"	""	""	"id-69da15dbe2594bf79e8133fcf8ea7f8b"	"id-a86af3f5728a4732b2aaf3f257ef818e"	""
"id-f9c71ddb8b12463f80bebc672b5e7582"	"AssociationRelationship"	""	""	"id-7bd1e2b1315345ed82e5b9d7c755c6fe"	"id-eb637af41abb47598ba8ccf62085557c"	""
"id-198e0411084d43c89e2d33d00fa04e72"	"AssociationRelationship"	""	""	"id-921a13d7f5914142a6af210bb5a7ba07"	"id-a217b9f21842413fb74bca280d88a0a3"	""
"id-6ceb96b91e124fd6952c01528229af5c"	"AssociationRelationship"	""	""	"id-84f7a5531be440a29a2019db8c22e988"	"id-921a13d7f5914142a6af210bb5a7ba07"	""
"id-521725407f56403c8e2d70558ebb44b7"	"AssociationRelationship"	""	""	"id-53f4ba782e7d4936bf4d4aedfec85913"	"id-921a13d7f5914142a6af210bb5a7ba07"	""
"id-013b73e2f3644d49b092c37f53944d81"	"AssociationRelationship"	""	""	"id-1d8685805928411396af461ef6e2d5ed"	"id-921a13d7f5914142a6af210bb5a7ba07"	""
"id-eb8ec2731193490ea3afe7d6535b6af3"	"AssociationRelationship"	""	""	"id-921a13d7f5914142a6af210bb5a7ba07"	"id-410d7f20a06742bfaf5c65e6d9540a95"	""
"id-6fc16d159e714d7d98d2d620179eb654"	"AssociationRelationship"	""	""	"id-2056db53357342d3af9796e42eb30796"	"id-921a13d7f5914142a6af210bb5a7ba07"	""
"id-40d2065d219e49d1a4e05fb032503cf4"	"AssociationRelationship"	""	""	"id-4d8c9cf2e0d24d238791b015d1b16c06"	"id-921a13d7f5914142a6af210bb5a7ba07"	""
"id-7e1730c875f243c39362ea77715cdc4f"	"AssociationRelationship"	""	""	"id-6584a0c8a6484048924d1288a3636c54"	"id-921a13d7f5914142a6af210bb5a7ba07"	""
"id-a6f41ab4db0a4a4db3a8bef00511d445"	"AssociationRelationship"	""	""	"id-ca360dfa05694e66a069abf2252a49b1"	"id-53b316d243804816acbe48684b9b9453"	""
"id-8c637f13ef7e421681dd189208eb8c19"	"AssociationRelationship"	""	""	"id-921a13d7f5914142a6af210bb5a7ba07"	"id-8b8b3e6f63b6493cb79d792c4aaa382b"	""
"id-dc8839b6ca0540b68d33374eafbbe406"	"AssociationRelationship"	""	""	"id-ca360dfa05694e66a069abf2252a49b1"	"id-8b8b3e6f63b6493cb79d792c4aaa382b"	""
"id-6e113771499e4b9bb6f0473325231a78"	"AssociationRelationship"	""	""	"id-c276cde451b94bbd866de06dd9e88f07"	"id-8268fb4d35fd44c8bc02c3fe75f31402"	""
"id-1ffa95e9490c47208c49c46e1a1fc46e"	"AssociationRelationship"	""	""	"id-c276cde451b94bbd866de06dd9e88f07"	"id-410d7f20a06742bfaf5c65e6d9540a95"	""
"id-6151476763f84ef5a94e14ed41701964"	"AssociationRelationship"	""	""	"id-a65247d9b9e84d258f580a9bfd2f9db7"	"id-adcc8e9aa7454d43b98138c83f781a04"	""
"id-6a96d2d4c98a4ed8a3e6ed9187b9f730"	"AssociationRelationship"	""	""	"id-a65247d9b9e84d258f580a9bfd2f9db7"	"id-8268fb4d35fd44c8bc02c3fe75f31402"	""
"id-3755171ad3e14a7f9400c7d295622003"	"AssociationRelationship"	""	""	"id-a65247d9b9e84d258f580a9bfd2f9db7"	"id-6cb3f4d7838a41be9b6265513e9039b0"	""
"id-94a4982ad916412f8928cced19756770"	"AssociationRelationship"	""	""	"id-c276cde451b94bbd866de06dd9e88f07"	"id-6cb3f4d7838a41be9b6265513e9039b0"	""
"id-4c76f3af77414050a550d961df94f7fa"	"AssociationRelationship"	""	""	"id-a65247d9b9e84d258f580a9bfd2f9db7"	"id-410d7f20a06742bfaf5c65e6d9540a95"	""
"id-dc6f86b20eae499c9dd611ecc0271df5"	"AssociationRelationship"	""	""	"id-0263e98a331f470e96d72b87f7e40bbd"	"id-0af5506e7b3d465bbeda8d56ef92dba3"	""
"id-8e5a14a716c14a41ba5c9139dec5f540"	"AssociationRelationship"	""	""	"id-8f18cfecbcec45fea30995ee3d0b6914"	"id-adcc8e9aa7454d43b98138c83f781a04"	""
"id-691bab9478a2472e8f412016e6645c7e"	"AssociationRelationship"	""	""	"id-8f18cfecbcec45fea30995ee3d0b6914"	"id-8268fb4d35fd44c8bc02c3fe75f31402"	""
"id-51f4aff2ce6447a290d492028e9b83f2"	"AssociationRelationship"	""	""	"id-8f18cfecbcec45fea30995ee3d0b6914"	"id-6cb3f4d7838a41be9b6265513e9039b0"	""
"id-c6c54669ac7a4d36848aab31f0bdb4fa"	"AssociationRelationship"	""	""	"id-8f18cfecbcec45fea30995ee3d0b6914"	"id-410d7f20a06742bfaf5c65e6d9540a95"	""
"id-c4eb4a85b9b94580beacbb5c285a02d1"	"AssociationRelationship"	""	""	"id-3ea280454d214c64a0b209afccb66404"	"id-43593b3004234cb3b0a4ef4c02bff8d5"	""
"id-fa9bb75ecbb948528e8c1a6c4c070389"	"AssociationRelationship"	""	""	"id-3ea280454d214c64a0b209afccb66404"	"id-48e319efd9554015ad0348717db3e6b5"	""
"id-c27361e2cf4a41e396b33248ab307256"	"AssociationRelationship"	""	""	"id-3ea280454d214c64a0b209afccb66404"	"id-8c8055ffe3d34a3d8633b22465e7a06f"	""
"id-4bbad93e06a04e41a8b8558e442d42b8"	"AssociationRelationship"	""	""	"id-3ea280454d214c64a0b209afccb66404"	"id-e54aa09f675b4d989d4458e2f2c55437"	""
"id-78ea59cc9fa34168aae7cbe2796610f3"	"AssociationRelationship"	""	""	"id-bcddb472a50b44db846dc7c650ae6925"	"id-aef32662a2ef47f49894a22cafa58903"	""
"id-3dd1d01b296f4a41b7754881eed27ea2"	"AssociationRelationship"	""	""	"id-3ea280454d214c64a0b209afccb66404"	"id-a6f2ea9cfc8446d5a8919f517c3cad2c"	""
"id-97bc0d97600e41a9858185bfa62c5c13"	"AssociationRelationship"	""	""	"id-26a3a714964c4041a61cf561827a7b8c"	"id-a6f2ea9cfc8446d5a8919f517c3cad2c"	""
"id-4c44b975e87740c6933317ff7f2b3b21"	"AssociationRelationship"	""	""	"id-3ea280454d214c64a0b209afccb66404"	"id-62913ece2b3c45d4a067a7494d0208ca"	""
"id-a9508551355f49b08098cf0f5b455738"	"AssociationRelationship"	""	""	"id-3ea280454d214c64a0b209afccb66404"	"id-7cf8d1fbd57349a685d97a4f16d3f924"	""
"id-81e32c4e6aa047a6867276fa52162307"	"AssociationRelationship"	""	""	"id-3ea280454d214c64a0b209afccb66404"	"id-c245402b3a7e4b4f9d5d8ba2d6d246cb"	""
"id-9da738dfb2df4c6e9162bb25875aa0b6"	"AssociationRelationship"	""	""	"id-3ea280454d214c64a0b209afccb66404"	"id-d11aadad73444de8a195c5491d8cdb30"	""
"id-b8e58276d8114861bb9fe17f82a4e3e5"	"AssociationRelationship"	""	""	"id-26a3a714964c4041a61cf561827a7b8c"	"id-d11aadad73444de8a195c5491d8cdb30"	""
"id-1785565e4562410b8de6db22fdbb97f4"	"AssociationRelationship"	""	""	"id-3ea280454d214c64a0b209afccb66404"	"id-44d3d91876764b658e51242df8d66ba9"	""
"id-d8c58c8c5e9e4f51beb93ad4ee54077a"	"AssociationRelationship"	""	""	"id-3ea280454d214c64a0b209afccb66404"	"id-f85e26d42a554d62b49004922f876a41"	""
"id-a4545fc3cd614caa8198d81c5636b876"	"AssociationRelationship"	""	""	"id-bcddb472a50b44db846dc7c650ae6925"	"id-8f399928269d4cc69482fd6b2791a49a"	""
"id-3204e8018a034371afaac41f969bd1ff"	"AssociationRelationship"	""	""	"id-26a3a714964c4041a61cf561827a7b8c"	"id-8f399928269d4cc69482fd6b2791a49a"	""
"id-c76c09fd29624d3683cd7dae5c950f07"	"AssociationRelationship"	""	""	"id-bcddb472a50b44db846dc7c650ae6925"	"id-689803dc532141f2aff67fb219bc4521"	""
"id-20d5c89d3d9848b2b12a17308782a5b8"	"AssociationRelationship"	""	""	"id-3ea280454d214c64a0b209afccb66404"	"id-87723e8585af46bc8b750f1ecc66edf5"	""
"id-f5fb9db0cb034d269532a8f02f394e2b"	"AssociationRelationship"	""	""	"id-26a3a714964c4041a61cf561827a7b8c"	"id-87723e8585af46bc8b750f1ecc66edf5"	""
"id-0e4248a2d14f4835b19a796bb2a019e3"	"AssociationRelationship"	""	""	"id-3ea280454d214c64a0b209afccb66404"	"id-11c6a7ac1bf64871b01f2b36909c76ef"	""
"id-e56936518f0b49ca9601ac8a555bd77b"	"AssociationRelationship"	""	""	"id-3ea280454d214c64a0b209afccb66404"	"id-26c659e694574ee78a5305735e05549b"	""
"id-e3a323bef2634d9da776686a520eb0da"	"AssociationRelationship"	""	""	"id-3ea280454d214c64a0b209afccb66404"	"id-94db1f03472a49ecb5ea094fefe3c434"	""
"id-e2a897e0ec514f87a5949cec342e8d18"	"AssociationRelationship"	""	""	"id-3ea280454d214c64a0b209afccb66404"	"id-7daf54e4d38441d991738ed5bf956af1"	""
"id-bcf520852fb24efe9b52379c48fa72d0"	"AssociationRelationship"	""	""	"id-bcddb472a50b44db846dc7c650ae6925"	"id-fe3c299d8952422ebd4ed0e6b55d80f2"	""
"id-42d15e484ff4438598efd03e56975dea"	"AssociationRelationship"	""	""	"id-3ea280454d214c64a0b209afccb66404"	"id-2d19cecdd8804ea3afbbee1969e34986"	""
"id-58da24149cec43048bdc1c9b12f9f17a"	"AssociationRelationship"	""	""	"id-3ea280454d214c64a0b209afccb66404"	"id-aa67f7889c304e18bc52f0c4b48a698c"	""
"id-6a49cd04f3ab4bc38ba302b854d67e6c"	"AssociationRelationship"	""	""	"id-3ea280454d214c64a0b209afccb66404"	"id-d57df4ad2a684d4382e38c5e12cf5a90"	""
"id-207869573b0a4d9ea4ae148008c38f6d"	"AssociationRelationship"	""	""	"id-3ea280454d214c64a0b209afccb66404"	"id-325752875e6b4f2895a0b3e1f2875446"	""
"id-17040f1b3b1c46139baa08a336c20e4b"	"AssociationRelationship"	""	""	"id-26a3a714964c4041a61cf561827a7b8c"	"id-325752875e6b4f2895a0b3e1f2875446"	""
"id-c41106a013084b76a1fdb3921cb726a7"	"AssociationRelationship"	""	""	"id-3ea280454d214c64a0b209afccb66404"	"id-af96792beb964b0baafddf5dbfdd80e5"	""
"id-21038741066b454a8465e78f6f1f81f8"	"AssociationRelationship"	""	""	"id-dde206e43fc740f0a46c01094d27fdda"	"id-af96792beb964b0baafddf5dbfdd80e5"	""
"id-627f56dfb80d4a3bacb99424ab28b6a6"	"AssociationRelationship"	""	""	"id-3ea280454d214c64a0b209afccb66404"	"id-5d38fe24c1024abe9b9b906d83471883"	""
"id-0c83e3107f3e4293bb04f29a058ba192"	"AssociationRelationship"	""	""	"id-26a3a714964c4041a61cf561827a7b8c"	"id-5d38fe24c1024abe9b9b906d83471883"	""
"id-fa5e7fb43bc64deeb445031afa75c4b4"	"AssociationRelationship"	""	""	"id-dde206e43fc740f0a46c01094d27fdda"	"id-ea7842b39852402481e9753edc0346ac"	""
"id-749e77e140674368a33ad09c53e50079"	"AssociationRelationship"	""	""	"id-c276cde451b94bbd866de06dd9e88f07"	"id-ea7842b39852402481e9753edc0346ac"	""
"id-8e039e739d894d8e82ec06a9f0148e91"	"AssociationRelationship"	""	""	"id-3ea280454d214c64a0b209afccb66404"	"id-7bb8e81849724329b5292c62d588982e"	""
"id-54240764c949464f8df58671b53a4c82"	"AssociationRelationship"	""	""	"id-3ea280454d214c64a0b209afccb66404"	"id-5c05aa029c794682bd9548f60413a0a1"	""
"id-e5c7d2d344754581987ad3e2d102024d"	"AssociationRelationship"	""	""	"id-3ea280454d214c64a0b209afccb66404"	"id-a2083411bf9d4345b113f7f609623367"	""
"id-73b182db7b3d43c180572bd0ce48480d"	"AssociationRelationship"	""	""	"id-bcddb472a50b44db846dc7c650ae6925"	"id-a48418fb275e4c15b67c79ca92bab174"	""
"id-5132cd164b2f4a8bbdfbc5a87fa7832f"	"AssociationRelationship"	""	""	"id-3ea280454d214c64a0b209afccb66404"	"id-c3e5f92ccad54bf284a01960c1c2eb61"	""
"id-3104e839ed624d709abccf29b9a6f23a"	"AssociationRelationship"	""	""	"id-3ea280454d214c64a0b209afccb66404"	"id-d6b23c2b651b4e1ca4513c1dde957496"	""
"id-7b2b97d9d11940deb4d7669bf1c4fdd5"	"AssociationRelationship"	""	""	"id-dde206e43fc740f0a46c01094d27fdda"	"id-dec58c12b86c4815a75518bfee1a50d3"	""
"id-51728a1acc124ca2b94456885c1b5022"	"AssociationRelationship"	""	""	"id-3ea280454d214c64a0b209afccb66404"	"id-47836a5ae115411b837b9b28f9163ece"	""
"id-9e3ccf9c6a3d4485b23b071548bf1107"	"AssociationRelationship"	""	""	"id-3ea280454d214c64a0b209afccb66404"	"id-6f2e66603efb4773ba5f787ad4b03197"	""
"id-75b8e7599e094b889de35a365e3185e5"	"AssociationRelationship"	""	""	"id-3ea280454d214c64a0b209afccb66404"	"id-6652bf39e6e84c62bb0484c6bfef95d4"	""
"id-abd4893993da4e3baab8c391bf0090ce"	"AssociationRelationship"	""	""	"id-3ea280454d214c64a0b209afccb66404"	"id-7ed23fa2b8d3477a81a94e76b10bbebb"	""
"id-33b09fa25efb4978b5c5d2c9be1a7afa"	"AssociationRelationship"	""	""	"id-3ea280454d214c64a0b209afccb66404"	"id-c9235cd270c84406971c5049b921fb13"	""
"id-656017323db840cf955b2b193690cc99"	"AssociationRelationship"	""	""	"id-26a3a714964c4041a61cf561827a7b8c"	"id-c9235cd270c84406971c5049b921fb13"	""
"id-007b39c5bd2a489bab8d281a72672dac"	"AssociationRelationship"	""	""	"id-3ea280454d214c64a0b209afccb66404"	"id-b3172ef212924ada82befe51f8173eb7"	""
"id-e4ddbbadb1904780b65d6f73b5a93e9f"	"AssociationRelationship"	""	""	"id-3ea280454d214c64a0b209afccb66404"	"id-455d3576dcf84d7abe4cf83c9e91af18"	""
"id-f2e1847eb15345b8acb8e6e63474b83c"	"AssociationRelationship"	""	""	"id-bcddb472a50b44db846dc7c650ae6925"	"id-23180fe8c9144a3587ff3f64eab39096"	""
"id-48c0d1201ba242ee8dd5470463dc5efe"	"AssociationRelationship"	""	""	"id-3ea280454d214c64a0b209afccb66404"	"id-c6194499f1754395b3afc389896ff1f7"	""
"id-cca3573d7a354218a519f2714c4fbc57"	"AssociationRelationship"	""	""	"id-3ea280454d214c64a0b209afccb66404"	"id-6a82c8fe006d43578c863bcb0bb8a3fd"	""
"id-82d397a84d48430092358b847a2d36cb"	"AssociationRelationship"	""	""	"id-dde206e43fc740f0a46c01094d27fdda"	"id-a82970961064416a8f5feb84e8d31b63"	""
"id-23d433d827ab46dca8e5ce412363db8d"	"AssociationRelationship"	""	""	"id-3ea280454d214c64a0b209afccb66404"	"id-139538342bb04d04843f91e0978905ac"	""
"id-d7f56e7e849f4aa285e64fa164a36ce5"	"AssociationRelationship"	""	""	"id-3ea280454d214c64a0b209afccb66404"	"id-d17b523cd3694470bab6b4bf7c39bf24"	""
"id-eb0ef2833a4447919c710cad508e222d"	"AssociationRelationship"	""	""	"id-3ea280454d214c64a0b209afccb66404"	"id-eb83ac5c3ccf41eca4ab3feb6af43cd4"	""
"id-f61dae26825e4a019be6b26fe06acc4a"	"AssociationRelationship"	""	""	"id-bcddb472a50b44db846dc7c650ae6925"	"id-8182cb97976643008a6e18d96d2d3ae3"	""
"id-3ea97f75a4784a52bb822dafba094ed0"	"AssociationRelationship"	""	""	"id-26a3a714964c4041a61cf561827a7b8c"	"id-8182cb97976643008a6e18d96d2d3ae3"	""
"id-6487f02ea5664059b982f8980ac8b9f2"	"AssociationRelationship"	""	""	"id-bcddb472a50b44db846dc7c650ae6925"	"id-5040ec00a04c482298ecb108deba8259"	""
"id-6a041b4a2ff24bbaae8ff9d5acd55a48"	"AssociationRelationship"	""	""	"id-26a3a714964c4041a61cf561827a7b8c"	"id-5040ec00a04c482298ecb108deba8259"	""
"id-ae94643673f6490597e9b6ffb305a925"	"AssociationRelationship"	""	""	"id-3ea280454d214c64a0b209afccb66404"	"id-db34bbaa23fd45f2930a7627f7c035a8"	""
"id-fae36b63b9ec49f7afda8fcaafb07620"	"AssociationRelationship"	""	""	"id-26a3a714964c4041a61cf561827a7b8c"	"id-db34bbaa23fd45f2930a7627f7c035a8"	""
"id-cc36a059e09f4c3aab63d208d917b526"	"AssociationRelationship"	""	""	"id-3ea280454d214c64a0b209afccb66404"	"id-75ffad3481d0413ca75b4ced79868424"	""
"id-bda64741bf1540058f585453046bf927"	"AssociationRelationship"	""	""	"id-26a3a714964c4041a61cf561827a7b8c"	"id-75ffad3481d0413ca75b4ced79868424"	""
"id-c8b376f14e394c97a053f2ffd7235601"	"AssociationRelationship"	""	""	"id-dde206e43fc740f0a46c01094d27fdda"	"id-0eefcd0e3c744925845941ddf350997f"	""
"id-ab7e5befd283468b90ddc932bc158286"	"AssociationRelationship"	""	""	"id-3ea280454d214c64a0b209afccb66404"	"id-6539db82cbf04ba19db9e9289f055294"	""
"id-7d3c93e80d6b433e9f0a97d13caae627"	"AssociationRelationship"	""	""	"id-3ea280454d214c64a0b209afccb66404"	"id-cfabb48231a94c17839097dcda51f737"	""
"id-abfcb404d4a742618d9584f7802fa7c0"	"AssociationRelationship"	""	""	"id-3ea280454d214c64a0b209afccb66404"	"id-d8010143ded54f71b0104b1e02f89f26"	""
"id-678c667eed03422786ce5ba47fe6e290"	"AssociationRelationship"	""	""	"id-3ea280454d214c64a0b209afccb66404"	"id-acd552e9cd424aa29c10d1596fd174c5"	""
"id-a04059bf47c0433f8093cf826759fc03"	"AssociationRelationship"	""	""	"id-3ea280454d214c64a0b209afccb66404"	"id-d8af45ecf79e4a889ad6340dfdb66d3d"	""
"id-7b362f2f1839432a98e12d54067737ba"	"AssociationRelationship"	""	""	"id-dde206e43fc740f0a46c01094d27fdda"	"id-83351599a5b441568f20a063e9722f15"	""
"id-ac7267b456ef43fdaeb6509dff00b9c9"	"AssociationRelationship"	""	""	"id-3ea280454d214c64a0b209afccb66404"	"id-cfabb48231a94c17839097dcda51f737"	""
"id-ed29c5d22edb41cfa4b2cdcb7f9697c8"	"AssociationRelationship"	""	""	"id-3ea280454d214c64a0b209afccb66404"	"id-cfabb48231a94c17839097dcda51f737"	""
"id-ee98e5f2ed1e44c6bdf5171f61c19117"	"AssociationRelationship"	""	""	"id-3ea280454d214c64a0b209afccb66404"	"id-d8010143ded54f71b0104b1e02f89f26"	""
"id-df2b2cc7ae984686a0252e281b3f726c"	"AssociationRelationship"	""	""	"id-3ea280454d214c64a0b209afccb66404"	"id-acd552e9cd424aa29c10d1596fd174c5"	""
"id-98b3b88415a84bb087a219592b62e53d"	"AssociationRelationship"	""	""	"id-3ea280454d214c64a0b209afccb66404"	"id-d8af45ecf79e4a889ad6340dfdb66d3d"	""
"id-1f6c4ec15a9b42fca8fd524543b4bf6d"	"AssociationRelationship"	""	""	"id-dde206e43fc740f0a46c01094d27fdda"	"id-83351599a5b441568f20a063e9722f15"	""
"id-2be68a64530c4ff8a9363f38fb85e66c"	"AssociationRelationship"	""	""	"id-3ea280454d214c64a0b209afccb66404"	"id-82ce5c6bc861481baa3cec5c79e1d8d7"	""
"id-aa022ad239bf46f2b9dbd03ba133ea05"	"AssociationRelationship"	""	""	"id-3ea280454d214c64a0b209afccb66404"	"id-c3d9ce694ab84b228bf41ce491d51ff1"	""
"id-2ee1781c4cdb4d9aa9ced2354851e3fc"	"AssociationRelationship"	""	""	"id-3ea280454d214c64a0b209afccb66404"	"id-0c218c9686a0484d9f07889bc33b9192"	""
"id-1888ebbd177c4ed3b1927e2244ad49f7"	"AssociationRelationship"	""	""	"id-3ea280454d214c64a0b209afccb66404"	"id-90020adbda02431fbf6e10c781d9ea3f"	""
"id-683082131cab49d8a278eef031bdb324"	"AssociationRelationship"	""	""	"id-bcddb472a50b44db846dc7c650ae6925"	"id-ee1f6643c3204feaa6b4b14f231798a7"	""
"id-c5f7e0ca7adf4bea90fef50d1d0b8a3b"	"AssociationRelationship"	""	""	"id-bcddb472a50b44db846dc7c650ae6925"	"id-9ccc5d4a1e95470d8e3070eb70359f69"	""
"id-e37f60a555e946b3a7111d6cad94d82c"	"AssociationRelationship"	""	""	"id-26a3a714964c4041a61cf561827a7b8c"	"id-ee1f6643c3204feaa6b4b14f231798a7"	""
"id-4d4b3dbcf02d4e24a8552bc31f7ccae6"	"AssociationRelationship"	""	""	"id-26a3a714964c4041a61cf561827a7b8c"	"id-9ccc5d4a1e95470d8e3070eb70359f69"	""
"id-42ed4b83ef39430e807c6b20c74d7782"	"AssociationRelationship"	""	""	"id-3ea280454d214c64a0b209afccb66404"	"id-b27689a27f0b47d2b6da6cbca6aa8dcf"	""
"id-fc11963a8f9f4fbea3984c1446a35658"	"AssociationRelationship"	""	""	"id-d5ee7fbf5eab4a6dafce780a5a1ca010"	"id-3ea280454d214c64a0b209afccb66404"	""
"id-55471aab1b2a4bfa9d4105931e7ccdf7"	"AssociationRelationship"	""	""	"id-e3f58f0e13c14fe5aa141696a984365d"	"id-3ea280454d214c64a0b209afccb66404"	""
"id-e7e86448b48241c9817b1964805b7f41"	"AssociationRelationship"	""	""	"id-77d0cf9d55934478b01e56d798b39a79"	"id-3ea280454d214c64a0b209afccb66404"	""
"id-7d95a022d0b84847b27d9f8e4e8a7a45"	"AssociationRelationship"	""	""	"id-47436d39cb214272b5c8f46128ee347c"	"id-3ea280454d214c64a0b209afccb66404"	""
"id-003a8c499d2b4de0b91d1a6b255a28b9"	"AssociationRelationship"	""	""	"id-a7972f02dc8e44168fd67bc694afc66b"	"id-3ea280454d214c64a0b209afccb66404"	""
"id-4834027dd55d48c2b3d43a610e94a5dc"	"AssociationRelationship"	""	""	"id-2a90fff2eb624fb6be2de2f501465d4e"	"id-3ea280454d214c64a0b209afccb66404"	""
"id-11931324d9204c578f32bbab0fb7b83f"	"AssociationRelationship"	""	""	"id-a3bcdcde8beb4b23aaea4dd4c7700892"	"id-3ea280454d214c64a0b209afccb66404"	""
"id-ad55d5f9b2214f53a90d58111746555c"	"AssociationRelationship"	""	""	"id-9073ebafa565448da506897e42dcc711"	"id-3ea280454d214c64a0b209afccb66404"	""
"id-64cea78993d842e59dbbac0ed7f6baa7"	"AssociationRelationship"	""	""	"id-cdd4e12fb1b948548e8cf85b7b137280"	"id-3ea280454d214c64a0b209afccb66404"	""
"id-4480394fe58c44268d198ba291a0a62c"	"AssociationRelationship"	""	""	"id-da2cac2fb2a94227a3e46570cfae52e3"	"id-3ea280454d214c64a0b209afccb66404"	""
"id-ea7012a3332d4acd8453ea53b32aa7a2"	"AssociationRelationship"	""	""	"id-a67a7360e60d4949b39465a954cabea2"	"id-3ea280454d214c64a0b209afccb66404"	""
"id-321a5701be1547d79e45ad56d2aeff52"	"AssociationRelationship"	""	""	"id-13b15e6fb1b14c4185c03adaa921f314"	"id-3ea280454d214c64a0b209afccb66404"	""
"id-bc4e8640dc764fd89f7ffbb2893b2580"	"AssociationRelationship"	""	""	"id-049ae85771ee40909dfbc975cc2a9e8c"	"id-3ea280454d214c64a0b209afccb66404"	""
"id-03b91640fb76424a8ba813233d355240"	"AssociationRelationship"	""	""	"id-03be6fc72da44cd3b09552823383a8f0"	"id-3ea280454d214c64a0b209afccb66404"	""
"id-834846e23587473a8c1526dd71bf8155"	"AssociationRelationship"	""	""	"id-eaf515e2d81349b6a77b162325d288de"	"id-3ea280454d214c64a0b209afccb66404"	""
"id-40b8fd8bdaf44d93ae82a6b063089032"	"AssociationRelationship"	""	""	"id-33dd3891984a49fda6cd2be942f6535a"	"id-3ea280454d214c64a0b209afccb66404"	""
"id-de7ba13ad980453bb633876dbf2839fa"	"AssociationRelationship"	""	""	"id-488f261d98a54f638f34a00f6d382fa1"	"id-0340b153db5e4516b128a2c470c216c7"	""
"id-747d67ffaf18469c9c1dbd1a1b4f7f56"	"AssociationRelationship"	""	""	"id-05027856de5346e480fe2dcb131c92d8"	"id-48322fd5bdb44942a4e1228de24cdf28"	""
"id-e49c515abbae450d9395b2168ef06727"	"AssociationRelationship"	""	""	"id-3cc3f351ec234daab6d2cfc1fefd908d"	"id-90eb302fd784418db7b5cf8bcfed34b3"	""
"id-4056e566641043b4949a69eed312a92a"	"AssociationRelationship"	""	""	"id-66c3818a038341668429339fabd5989a"	"id-d840f8384e804d509abde282ec7f2241"	""
"id-184ca7dc985f4fb587bdcab886261e3a"	"AssociationRelationship"	""	""	"id-7bd1e2b1315345ed82e5b9d7c755c6fe"	"id-7f2a16be767541d690eea4f8e95c27cf"	""
"id-8c7d99352a9848e8add07f70cce9cb36"	"AssociationRelationship"	""	""	"id-66c3818a038341668429339fabd5989a"	"id-bc8957494eb246739773d2f306c4f238"	""
"id-7bc55cbfdc1849069ecb948a995508b4"	"AssociationRelationship"	""	""	"id-6a508f45bc1f455a8cc40bbc68615db4"	"id-fa4b6cfc9f3b43e8ac00841c15d1cc5e"	""
"id-e32149165dc942879b1d315eaf958e78"	"CompositionRelationship"	""	""	"id-c22dd592cd9e473189aa16be778b5aae"	"id-1d3eb43020d5494fbb2d78dae48848f7"	""
"id-c6754ba34a9b4a8a852a7b98323c66c9"	"CompositionRelationship"	""	""	"id-c22dd592cd9e473189aa16be778b5aae"	"id-6b3d8fa0bd6a42d087972cb06f577be9"	""
"id-aa01d5f404aa4f05950e4a24b45d8c6c"	"CompositionRelationship"	""	""	"id-c22dd592cd9e473189aa16be778b5aae"	"id-a4992d4d81514a1ab8d6a9a6b9ae509e"	""
"id-e7c4a5beb7e74f8ab2fb77108d883b64"	"CompositionRelationship"	""	""	"id-c22dd592cd9e473189aa16be778b5aae"	"id-d6183782cfb5486f89da9d037ae8f437"	""
"id-5e18e549fc67486fab019e8a08e72b43"	"CompositionRelationship"	""	""	"id-8faad619b79b4100a1fd2ece7e3cb571"	"id-63c3f842cd7a43ccbc472d6f6d701778"	""
"id-dcaa80cd058e414999b2da1becdfbcef"	"CompositionRelationship"	""	""	"id-8faad619b79b4100a1fd2ece7e3cb571"	"id-5422e16dab6147c09f3e998fd3d6addb"	""
"id-5a40010916714c57a45858fceb9250e9"	"CompositionRelationship"	""	""	"id-d825ae5e150048c3958da9ddafc9c400"	"id-788c271c7dea454caf658ef7f763d0a2"	""
"id-2166ad2ef82c4ff687982841822f0bd3"	"CompositionRelationship"	""	""	"id-d825ae5e150048c3958da9ddafc9c400"	"id-2d204933b0dc4765bc5dba55381ea8c3"	""
"id-6eb18229065c4ea690feb2538fa8db11"	"CompositionRelationship"	""	""	"id-d825ae5e150048c3958da9ddafc9c400"	"id-bceaa16202f44d3bacbb9ac681da7572"	""
"id-1488a3fb19e94be997e76fd7ff6ffcd4"	"CompositionRelationship"	""	""	"id-593466ae34904094acda8a8619d94436"	"id-e907c883e95e499c806969157e2211b8"	""
"id-053eb58923d94b8a92ee8e89e816b2e7"	"CompositionRelationship"	""	""	"id-593466ae34904094acda8a8619d94436"	"id-700aa5d2ea01448bbca8f03628db1220"	""
"id-24c5a42d9cae4ef3b7b742268339df82"	"CompositionRelationship"	""	""	"id-e6d019a7dab249d891966b0418d01cae"	"id-3113eb906ace4fdaa9791fbc8ba7c92f"	""
"id-96038394667446ee9ce689fd4db32a08"	"CompositionRelationship"	""	""	"id-e6d019a7dab249d891966b0418d01cae"	"id-17932947f2f24c5a895c99cd5fc35094"	""
"id-06d5bef477f34d99a939a410cd46963b"	"CompositionRelationship"	""	""	"id-e6d019a7dab249d891966b0418d01cae"	"id-751841dd2f2d4b42aa64ca1685d1432a"	""
"id-15f0fabd231749ebbbe63745db29f1bf"	"CompositionRelationship"	""	""	"id-e6d019a7dab249d891966b0418d01cae"	"id-ac89f2a01b824bdbbf7a39a647df903f"	""
"id-9fe82b24533d4724bbd4165ee691e0f4"	"CompositionRelationship"	""	""	"id-e6d019a7dab249d891966b0418d01cae"	"id-c9d498d5d58e44cdb67285afe7d14587"	""
"id-fbda7d8e26bc4f5797b72f257caba433"	"CompositionRelationship"	""	""	"id-e6d019a7dab249d891966b0418d01cae"	"id-c07ef09ef02940ccb0735267a7fc5d23"	""
"id-c0dcd15734bc4c3cbb09da3cbc85e2dd"	"CompositionRelationship"	""	""	"id-d1bda9f4c7f94fc28761d604fa3d86e7"	"id-98f612a4fe704c3ea46475a09557dcdb"	""
"id-f9bd501014ae4a4eba3ddf084de44bf3"	"CompositionRelationship"	""	""	"id-d1bda9f4c7f94fc28761d604fa3d86e7"	"id-9e6537d95f044dfdaf888d4286cbfc95"	""
"id-48da1f2ea5b840b79bf40a7bf2bc544c"	"CompositionRelationship"	""	""	"id-d1bda9f4c7f94fc28761d604fa3d86e7"	"id-fec2d90d36224d3688f01e78e4d07745"	""
"id-7046556726f64b3da34925aea490901a"	"CompositionRelationship"	""	""	"id-ba9384afb9b64aafa10fd1fd0f8eeb1b"	"id-d2c0209d662144d8828172516d22cca6"	""
"id-8579a550dc814bfab2f26def86209316"	"CompositionRelationship"	""	""	"id-ba9384afb9b64aafa10fd1fd0f8eeb1b"	"id-694b30f4320d4d57ac9385566087653d"	""
"id-87fb6e966ee441d4905e59ad5b388c36"	"CompositionRelationship"	""	""	"id-ba9384afb9b64aafa10fd1fd0f8eeb1b"	"id-41d632b68b5c4e61ba024f533ec9a8ff"	""
"id-62889940b8464107a72368501fa76242"	"CompositionRelationship"	""	""	"id-ba9384afb9b64aafa10fd1fd0f8eeb1b"	"id-bd8b03117f624081ba385edc9ae60698"	""
"id-2c05524e01b340428709e4fc5247f65a"	"CompositionRelationship"	""	""	"id-ba9384afb9b64aafa10fd1fd0f8eeb1b"	"id-a8a47021e39f45f38b2915af77a3b3a2"	""
"id-d5cbbba669f741289031b93097bf9af2"	"CompositionRelationship"	""	""	"id-326212a745c24f00a761ecb6e0e46a60"	"id-e7b3c06a87ea4ca398a25a70e534ef60"	""
"id-082d50b963784db6b54fba663e3e3097"	"CompositionRelationship"	""	""	"id-326212a745c24f00a761ecb6e0e46a60"	"id-ecbac06fb7f343eca90b875a26122eb4"	""
"id-c07b302cdce74f12b50d0a1f96dbc7f0"	"CompositionRelationship"	""	""	"id-326212a745c24f00a761ecb6e0e46a60"	"id-420b8be6203e420b996fc5d0bde9d880"	""
"id-aa6fa0e44f2e4182aba87c7265136022"	"CompositionRelationship"	""	""	"id-326212a745c24f00a761ecb6e0e46a60"	"id-6e69e35c7ce9400b91c33080892bbac4"	""
"id-7eb440f72647473dbc6a6c33a9ac712e"	"CompositionRelationship"	""	""	"id-9d504940bf6049cc913e35408dc23a08"	"id-629289516ce34c35836d4a1b490bf856"	""
"id-7edfd9b5f51e4dd799293096a6aeef4b"	"CompositionRelationship"	""	""	"id-9d504940bf6049cc913e35408dc23a08"	"id-e649a48f71c64344a575bf5492393b9b"	""
"id-439ac43cb0b24644811cd1c24643bd8c"	"CompositionRelationship"	""	""	"id-dfab0d8bf78e437d960a1b1f395e5785"	"id-b1625793457a4c77ada7ec7097c6fcc8"	""
"id-25784b5e20ee4c60a7bcf28212c3b6f3"	"CompositionRelationship"	""	""	"id-dfab0d8bf78e437d960a1b1f395e5785"	"id-c3f8c53d30b340478d2069fb638ba32f"	""
"id-32ce5e4a1daf4093a25a12173f342620"	"CompositionRelationship"	""	""	"id-dfab0d8bf78e437d960a1b1f395e5785"	"id-84ee2e9ff4ae41a1b91ac25b3e16e6ce"	""
"id-b909674d75514ed3b1e34d33dbbf8a33"	"CompositionRelationship"	""	""	"id-7d61a8d17d3d428fb399e35ec88a9cad"	"id-02b925f73cfd4175a3e87d6b89d62961"	""
"id-525b97d1a6144b71a96e519c26740db5"	"CompositionRelationship"	""	""	"id-7d61a8d17d3d428fb399e35ec88a9cad"	"id-4f6352f4ac394f12a57c41903e8da501"	""
"id-c10c81d244224093911a92790451133d"	"CompositionRelationship"	""	""	"id-cc04ca8520ef4f258704adf5bb19a9bd"	"id-b7d88d50ca804434b4a2fec6a3df01b4"	""
"id-6bd7b0f86dd9403caf7163a4f520cb0d"	"CompositionRelationship"	""	""	"id-cc04ca8520ef4f258704adf5bb19a9bd"	"id-a2db4f5a45e4462499592a786375485c"	""
"id-c68fda5a475e4016badaadf08aa7f245"	"CompositionRelationship"	""	""	"id-e617c5e828764b5ab63f736e2e6dbfd3"	"id-54c4fe810f674738920cd9c4640c556a"	""
"id-08b3ee37c0654796b8026caabee9e983"	"CompositionRelationship"	""	""	"id-e617c5e828764b5ab63f736e2e6dbfd3"	"id-8056c77f610a49d79708050c8a341a7b"	""
"id-62bebaf7dec240a29ddd0cce6fd92968"	"CompositionRelationship"	""	""	"id-e617c5e828764b5ab63f736e2e6dbfd3"	"id-5e68be7d0eef409cae53be8925831152"	""
"id-4153d49c9fb944cd93390619a3f8f19b"	"CompositionRelationship"	""	""	"id-e617c5e828764b5ab63f736e2e6dbfd3"	"id-03ce5791bbf04015a7caf535482281e7"	""
"id-749b21865a6d4c1dabd3835d3c700f40"	"CompositionRelationship"	""	""	"id-fa7a9944b67940acad7d98de507ca9d8"	"id-4235e8410cda404dabb99e56e955b6fa"	""
"id-cdb45c2020634a71a6c9b6e970684a0e"	"CompositionRelationship"	""	""	"id-fa7a9944b67940acad7d98de507ca9d8"	"id-e200360fb7fa404fa47aff50340cfaa0"	""
"id-1444ad5fa8654a339a47be71727b63f9"	"CompositionRelationship"	""	""	"id-fa7a9944b67940acad7d98de507ca9d8"	"id-2c670d74940e4361b426ba14686c872e"	""
"id-37ac84fb1f8e45939270718f36c3f2c8"	"CompositionRelationship"	""	""	"id-fa7a9944b67940acad7d98de507ca9d8"	"id-bdab11921b6e4385a3e02d71c6db156e"	""
"id-6d8e64999d61471e96241eaceb1cdced"	"CompositionRelationship"	""	""	"id-fa7a9944b67940acad7d98de507ca9d8"	"id-89a13926674e47c0b17fc5a3a5df77a3"	""
"id-50713b1b09b749018f4fb81eb0116687"	"CompositionRelationship"	""	""	"id-fa7a9944b67940acad7d98de507ca9d8"	"id-9da28c9cc3c14001b1a9752b1d65d38c"	""
"id-000ed1e68be0477b91971b6a9e30e9e3"	"CompositionRelationship"	""	""	"id-fa7a9944b67940acad7d98de507ca9d8"	"id-d5d64ef5f1a14fb3a181155d3fce4562"	""
"id-4ec5ecde8e624244b503ee54167c788d"	"CompositionRelationship"	""	""	"id-6a7326524f0b41d78fa5bd694fbb6a36"	"id-c276cde451b94bbd866de06dd9e88f07"	""
"id-c945be9b2d754e8ab531036646cc0179"	"CompositionRelationship"	""	""	"id-6a7326524f0b41d78fa5bd694fbb6a36"	"id-a65247d9b9e84d258f580a9bfd2f9db7"	""
"id-d1c41389b0cb444596d54fa6d5bbc1e1"	"CompositionRelationship"	""	""	"id-6a7326524f0b41d78fa5bd694fbb6a36"	"id-d80704c6afc045ff894db0be61c7f633"	""
"id-1516862e5bd04d4d884552050ee1df7f"	"CompositionRelationship"	""	""	"id-6a7326524f0b41d78fa5bd694fbb6a36"	"id-8f18cfecbcec45fea30995ee3d0b6914"	""
"id-67394aa6aaea45b2adb68d616dafa7a2"	"CompositionRelationship"	""	""	"id-d825ae5e150048c3958da9ddafc9c400"	"id-420b8be6203e420b996fc5d0bde9d880"	""
"id-a81814460023410493304e083b92c467"	"CompositionRelationship"	""	""	"id-60b5effb26cd439a848df2ab87fba894"	"id-677e326a0ffb4f9298548143156fb5f3"	""
"id-fc8b209c1adc449a936f2821ead22569"	"CompositionRelationship"	""	""	"id-60b5effb26cd439a848df2ab87fba894"	"id-7125e0d9d6794660970596e4993e9791"	""
"id-6d6eb40ad27d46c788722e700ccd1239"	"CompositionRelationship"	""	""	"id-a260d87f2e8346cc81d6cb4f060a2687"	"id-f587e9c98a074ae68cd68dc213fe2182"	""
"id-67776cbc11034e34b01f9694e761a982"	"CompositionRelationship"	""	""	"id-027b2bcf94fd4ba299b2edaf7a97b97d"	"id-c39d5563e2f4454bb0d68e13564f4006"	""
"id-ab536d9ea1fe45949f309baa16231cf5"	"CompositionRelationship"	""	""	"id-027b2bcf94fd4ba299b2edaf7a97b97d"	"id-c86cdf5b1a4f4d0a83f47ceb9a1b13d9"	""
"id-302f5ef82ea646c9acabbdb968285b09"	"CompositionRelationship"	""	""	"id-027b2bcf94fd4ba299b2edaf7a97b97d"	"id-879834e263104de59c8b8efd5abca1a6"	""
"id-4b3255a694a14d4696a9304327a815a2"	"CompositionRelationship"	""	""	"id-027b2bcf94fd4ba299b2edaf7a97b97d"	"id-e0261bc84bdc4d22aa35aa8641634f26"	""
"id-25f4b61019f848afa5652e66b3881539"	"CompositionRelationship"	""	""	"id-027b2bcf94fd4ba299b2edaf7a97b97d"	"id-6bd1c85878c444928dbeb82226ef72cc"	""
"id-bf195f16428f48d1bba68b0ec70f13af"	"CompositionRelationship"	""	""	"id-e8f56a1683454c9389a3bd3726222847"	"id-500b26d1f16547bab993750b9db017ff"	""
"id-9c53e0a3e1484208b3036522297420b7"	"CompositionRelationship"	""	""	"id-e8f56a1683454c9389a3bd3726222847"	"id-83d96964864a460886ca210d9cbe4f6d"	""
"id-e5019d3841764355b319ac7b38a9f47a"	"CompositionRelationship"	""	""	"id-e8f56a1683454c9389a3bd3726222847"	"id-29d555019c96462cb8dec432cbf95c5d"	""
"id-d7cdfc54e94f4ac4888fb25ddd14be32"	"CompositionRelationship"	""	""	"id-509c310c238e405799f9c170636f19eb"	"id-1af8b95da47d4c52895d83da92defa2c"	""
"id-277e417dcd99499da62d164a3814f453"	"CompositionRelationship"	""	""	"id-509c310c238e405799f9c170636f19eb"	"id-d21f508a010141dfb4a34bd4753c5b60"	""
"id-d87d9d02681f4065911e8ff7e2b4b8b9"	"CompositionRelationship"	""	""	"id-509c310c238e405799f9c170636f19eb"	"id-9607f3c71b7e4d1795401a585e12cd73"	""
"id-717aa0b6ba24467c81807de53b76ba63"	"CompositionRelationship"	""	""	"id-29d555019c96462cb8dec432cbf95c5d"	"id-0d53910b41094cf392be7518a1c11a8b"	""
"id-50b27cc4e5bf41bdb2cbc5e139b0d587"	"CompositionRelationship"	""	""	"id-1339889d0f5c4f0c99019b0c0a9bd7de"	"id-3e996b276be44f2b9e8b28a16c1b7242"	""
"id-4cfc24df2cb94f7a8b9b4ed75863b876"	"CompositionRelationship"	""	""	"id-1339889d0f5c4f0c99019b0c0a9bd7de"	"id-e3f8f43980074c71a9b4bb9579645445"	""
"id-c24d1e1187004d85bc00ce09253ba755"	"CompositionRelationship"	""	""	"id-1339889d0f5c4f0c99019b0c0a9bd7de"	"id-ade22d76bf0c4eb9a4d2d7581163389f"	""
"id-abee494df2784dbd8d17e48219b0c54a"	"CompositionRelationship"	""	""	"id-bafe99ab6cd3454196d3075cc579b599"	"id-7c30e2791270499e939792a60148d22c"	""
"id-f823536b714840a984af3f91afb6c14d"	"CompositionRelationship"	""	""	"id-509c310c238e405799f9c170636f19eb"	"id-00a5010dca824e1687d4ec6562c41d72"	""
"id-39c94eac153243fbba37db0b4dc69f3e"	"FlowRelationship"	""	""	"id-7da3f3d13c9a4229a15fac833e414ce4"	"id-7f036ad2bfea4611b69a7914ea6355a5"	""
"id-1c706cec66904a7fbd77747507a0ad0c"	"FlowRelationship"	""	""	"id-23e5af0708fb4467b610560f4fcb29a4"	"id-d92dd2620d164dc2b96469b3fb8b4ee7"	""
"id-227c79cf0ecf4beb9fd5194d31055412"	"FlowRelationship"	""	""	"id-c2d475b992dc45078a08a1a14ea28f5d"	"id-1db2cf408ced4ddaa69b61fd301f953c"	""
"id-3080748432fb4bb6ad267687cc9bcca2"	"FlowRelationship"	""	""	"id-ee71097890f7455c8489f6bcc41f3675"	"id-65466273a74840dab43bdba14fc6c5fb"	""
"id-75ecc006cbcc4ab7bb02cc8d46daadbf"	"RealizationRelationship"	""	""	"id-2392d6e24bea43de903d190eed81e475"	"id-868dcc15cd2440c2b1058576f4bce013"	""
"id-b6a5b886a8404827b20c0fe56eabfab2"	"RealizationRelationship"	""	""	"id-2392d6e24bea43de903d190eed81e475"	"id-bbf2ecd206764b07a4a51d93479027e6"	""
"id-edaa49f8f8284b34afd74ccd11d2f36d"	"RealizationRelationship"	""	""	"id-e983d9a8f9f247879fe0ae8dada7acf0"	"id-aa7f3f63a5f04c3680e2300e34a97ba5"	""
"id-264b75897dc44744aba89cb9d7edf638"	"RealizationRelationship"	""	""	"id-e983d9a8f9f247879fe0ae8dada7acf0"	"id-c8d6c7c8b2e04d8cb298a9d6318dbf5f"	""
"id-0515ae00ec374a87980923cee37b7eef"	"RealizationRelationship"	""	""	"id-e983d9a8f9f247879fe0ae8dada7acf0"	"id-bd216dd5340744b69455f87ec6a08243"	""
"id-9316e7e0d31d4ea49f7d51a08ec43852"	"RealizationRelationship"	""	""	"id-57b0687f315848609dbf2b60f335159c"	"id-0f5a2d449bd4459e96416906d7b8c049"	""
"id-2690046d8ef9453ea9cef432095af381"	"RealizationRelationship"	""	""	"id-d01a27e84e0649d1aa5da555e2208881"	"id-1480254b33514e94b3aa751d6587e96a"	""
"id-2a33a8083ced4e57bbc1f9155b2a27f5"	"RealizationRelationship"	""	""	"id-b1f0a70c636b4612a7d95e63c91c5072"	"id-8cf4a253bc7b4a41870ae4d57ffa053e"	""
"id-cf178bffc99d49b2a9dc3141d145193b"	"RealizationRelationship"	""	""	"id-b1f0a70c636b4612a7d95e63c91c5072"	"id-3c10002d53334657af25d7a5ceaff8db"	""
"id-700e15c989914ef18c774b3f603f3e1e"	"RealizationRelationship"	""	""	"id-b1f0a70c636b4612a7d95e63c91c5072"	"id-937bb8315c8a4f67bf192088a6eb1d6c"	""
"id-3ab5ad9e0b3c4532a04c40eb4979c4c0"	"RealizationRelationship"	""	""	"id-3c01de978fbb4bda8fd9f840c97bdbe9"	"id-8a9d93d7eb8a4ed682056596b9c6100f"	""
"id-0a8c74d630894f24bf46d8b16a06da58"	"RealizationRelationship"	""	""	"id-3c01de978fbb4bda8fd9f840c97bdbe9"	"id-6f2636f7953446edbd03677437a96b91"	""
"id-aca0f864536e434ab7495ed49cfba2d0"	"RealizationRelationship"	""	""	"id-996995356116460bb837b8dcff56028a"	"id-7ad01926db224ac28c3e63ed4f6b58f5"	""
"id-5eb709b141ee4524929942f5805c3575"	"RealizationRelationship"	""	""	"id-996995356116460bb837b8dcff56028a"	"id-3423fc2bc51042e1b8a69bd2f1c62be2"	""
"id-8fd52547e59c4773b553e1ab2d93db2a"	"RealizationRelationship"	""	""	"id-996995356116460bb837b8dcff56028a"	"id-c9ee89eff5b0463cb9a3982adb8b18dd"	""
"id-4c6bae7429174df1bc516b9bef1ba6a6"	"RealizationRelationship"	""	""	"id-996995356116460bb837b8dcff56028a"	"id-88a29c1437604ec08d2ad4eb9617e284"	""
"id-333bbd7c904e4411951d71892ecba29c"	"RealizationRelationship"	""	""	"id-996995356116460bb837b8dcff56028a"	"id-37a8e2b3fc1f4579ad3f05f218043b32"	""
"id-8ff5c5b805a546fcb3396e55f85380cf"	"RealizationRelationship"	""	""	"id-996995356116460bb837b8dcff56028a"	"id-0e352a92a12342a38681d1dd05beedbd"	""
"id-c67dbef1aa44488f96f63a786d8f13e6"	"RealizationRelationship"	""	""	"id-996995356116460bb837b8dcff56028a"	"id-2ce8e94344e2476192fa8ddf1e19d653"	""
"id-5e8e9a78e03f4ed0a17710dfe33b25ca"	"RealizationRelationship"	""	""	"id-8322dc854d0c43b1a5ec14f0103ed14a"	"id-1c37c79635824aa797071be89d8b3358"	""
"id-7c7d0743bdb043f9a1cf6ec9aad34ac5"	"RealizationRelationship"	""	""	"id-8322dc854d0c43b1a5ec14f0103ed14a"	"id-dc544c8f4c96415cb44c40d2472138f0"	""
"id-aa24b1fa0aae4735953b71dcfb0bdb94"	"RealizationRelationship"	""	""	"id-8322dc854d0c43b1a5ec14f0103ed14a"	"id-aa4a3fc17ca4494d9d2b5ba8a8b58f51"	""
"id-117339c3f3124d22a8971cf6c67e7fc3"	"RealizationRelationship"	""	""	"id-996995356116460bb837b8dcff56028a"	"id-54f6c515a561461783502bb3666b0fa6"	""
"id-1a53c627edc0416294de9ef9a38bc31f"	"RealizationRelationship"	""	""	"id-66c3818a038341668429339fabd5989a"	"id-868dcc15cd2440c2b1058576f4bce013"	""
"id-0a7ffad55aad4fb397328645eb6637ed"	"RealizationRelationship"	""	""	"id-49040fed82dd4759ae0f75d62996bb03"	"id-5e8ed4643f6047278462bd8271f9c16b"	""
"id-b68b5d578626459d85c3bdbe2eb10464"	"RealizationRelationship"	""	""	"id-a2417deb27524d08909e1128d720d9f1"	"id-5e8ed4643f6047278462bd8271f9c16b"	""
"id-ca13be111a564076a6737bd81a6194c9"	"RealizationRelationship"	""	""	"id-358695ea3b064e0e8394d8a29652845e"	"id-5e8ed4643f6047278462bd8271f9c16b"	""
"id-5f08d123235743438f314e87765d0ff3"	"RealizationRelationship"	""	""	"id-2a925bdd5a50499dab3916c2b91034df"	"id-02dc09d15b8444c6854384b17605fcb5"	""
"id-b63c6955338744968394c6d55b93d5c9"	"RealizationRelationship"	""	""	"id-7850b73d6376404d90dc327e9286ec75"	"id-2f77577dede341f3a73c470f2a2744e8"	""
"id-ed5d2f60437949d0aeaca69deabee953"	"RealizationRelationship"	""	""	"id-c4380254b56945e09c062d1fa8f11051"	"id-ce0f2d9ddcdc4ac19152cfba6611dc07"	""
"id-a67a6b1cc6ac429fbfbaefa017a180e0"	"RealizationRelationship"	""	""	"id-2f77577dede341f3a73c470f2a2744e8"	"id-010f156c59dd42a6bf3464277229321c"	""
"id-9b64c0f2807c4f02a75bd5490942766a"	"RealizationRelationship"	""	""	"id-ce0f2d9ddcdc4ac19152cfba6611dc07"	"id-c9b86f931ca74d1eb3f8ba82cd319e03"	""
"id-e5fb0a830fca4cf78184b136e16aa15a"	"RealizationRelationship"	""	""	"id-ce0f2d9ddcdc4ac19152cfba6611dc07"	"id-949562c94da04863a6c69b1c910ae429"	""
"id-f06f320166124ee3b11e7db3371a8ad9"	"RealizationRelationship"	""	""	"id-ce0f2d9ddcdc4ac19152cfba6611dc07"	"id-6cb3f4d7838a41be9b6265513e9039b0"	""
"id-647593c6dc5a410abe22c7cd5bf765cb"	"RealizationRelationship"	""	""	"id-6584a0c8a6484048924d1288a3636c54"	"id-8268fb4d35fd44c8bc02c3fe75f31402"	""
"id-6041aef6b5f94382b0ded6c3245be89c"	"RealizationRelationship"	""	""	"id-6584a0c8a6484048924d1288a3636c54"	"id-77d0cf9d55934478b01e56d798b39a79"	""
"id-ca4b73f372cf480a973a856f40aba2e6"	"RealizationRelationship"	""	""	"id-6584a0c8a6484048924d1288a3636c54"	"id-adcc8e9aa7454d43b98138c83f781a04"	""
"id-6f369946730042859c04fc358b675f94"	"RealizationRelationship"	""	""	"id-731de004590e4fd9aff7ccc096f05ae8"	"id-edbf4ed987ac44ec8f174f91f5968593"	""
"id-247b01a5e69143759d6ea9146c20f051"	"RealizationRelationship"	""	""	"id-731de004590e4fd9aff7ccc096f05ae8"	"id-67862b457e5a4d4bad1ac153e18a587d"	""
"id-9df9cc695f464191957436828e2ae99a"	"RealizationRelationship"	""	""	"id-ce0f2d9ddcdc4ac19152cfba6611dc07"	"id-4e66079853434844bb4aa661c41a587d"	""
"id-d02f78f691b84c0e9f41673c1dcdde36"	"RealizationRelationship"	""	""	"id-ce0f2d9ddcdc4ac19152cfba6611dc07"	"id-03249fb0bde44304a42da95207bbe2d6"	""
"id-4ed1a390befc4149ba2ba6c68a732372"	"RealizationRelationship"	""	""	"id-ce0f2d9ddcdc4ac19152cfba6611dc07"	"id-cf50d59ac5af4807934ef89e6405de1e"	""
"id-af5b40cfbc0248ca8597eec1707a78ed"	"RealizationRelationship"	""	""	"id-fa4b6cfc9f3b43e8ac00841c15d1cc5e"	"id-30686bc89e414b5e957e92c0bc2539f2"	""
"id-a173cf500c834fa78736969c5e5b6c1c"	"RealizationRelationship"	""	""	"id-bc8957494eb246739773d2f306c4f238"	"id-30686bc89e414b5e957e92c0bc2539f2"	""
"id-56de742c9bff4c3fb2df2ef867e2dcd3"	"RealizationRelationship"	""	""	"id-d840f8384e804d509abde282ec7f2241"	"id-30686bc89e414b5e957e92c0bc2539f2"	""
"id-2489a40fc804446cb7c827d747cf96af"	"RealizationRelationship"	""	""	"id-7f2a16be767541d690eea4f8e95c27cf"	"id-30686bc89e414b5e957e92c0bc2539f2"	""
"id-ead00526492247649e7f9235a54e9ff4"	"RealizationRelationship"	""	""	"id-90eb302fd784418db7b5cf8bcfed34b3"	"id-30686bc89e414b5e957e92c0bc2539f2"	""
"id-180b5608aa0046f4855e46b6d163f7f2"	"RealizationRelationship"	""	""	"id-48322fd5bdb44942a4e1228de24cdf28"	"id-30686bc89e414b5e957e92c0bc2539f2"	""
"id-4d510de3f30c4bab86afee9d62874415"	"RealizationRelationship"	""	""	"id-c2d0c8652e8a4d718275e5dd34132da6"	"id-30686bc89e414b5e957e92c0bc2539f2"	""
"id-52fb16a5717d4456a2415ca18aeb95eb"	"RealizationRelationship"	""	""	"id-0340b153db5e4516b128a2c470c216c7"	"id-30686bc89e414b5e957e92c0bc2539f2"	""
"id-67d9474d05854b479861350d126c58a6"	"RealizationRelationship"	""	""	"id-f2ca3416b8274555859ed28aa4d60c4c"	"id-30686bc89e414b5e957e92c0bc2539f2"	""
"id-50d4417ca9ba4cc1a20f15637cb710de"	"RealizationRelationship"	""	""	"id-bc4e28a262ce4f98aaeee2cf0cb04816"	"id-db5cb52b4d7c4e5c8a92c001d8ec1f46"	""
"id-76763f3cd26a43d09597ca84f0015c26"	"RealizationRelationship"	""	""	"id-e83cb5febfaf47f19c895ecc98debc38"	"id-410d7f20a06742bfaf5c65e6d9540a95"	""
"id-97763c4ec99d45c193c3925a44f66f58"	"RealizationRelationship"	""	""	"id-84f7a5531be440a29a2019db8c22e988"	"id-d57e8937dc4943379a944509d28d1c4d"	""
"id-6c901ed4817a403a98b0db4658371c47"	"RealizationRelationship"	""	""	"id-db5cb52b4d7c4e5c8a92c001d8ec1f46"	"id-adcc8e9aa7454d43b98138c83f781a04"	""
"id-2e1b4e5c5df54fecb52f42d8aa503bc5"	"RealizationRelationship"	""	""	"id-d8010143ded54f71b0104b1e02f89f26"	"id-788c271c7dea454caf658ef7f763d0a2"	""
"id-8de394c546144f7390ffcec615787f12"	"RealizationRelationship"	""	""	"id-82ce5c6bc861481baa3cec5c79e1d8d7"	"id-788c271c7dea454caf658ef7f763d0a2"	""
"id-9012d866ddea43af8f32d60127c03b84"	"RealizationRelationship"	""	""	"id-139538342bb04d04843f91e0978905ac"	"id-ba6e84decd7c46a8bafec51992addf08"	""
"id-b64926b1db7c430e92b1b0bd41649a00"	"RealizationRelationship"	""	""	"id-a2083411bf9d4345b113f7f609623367"	"id-c3f8c53d30b340478d2069fb638ba32f"	""
"id-70ecc1031c3c4943aa1dd7837ecc3e04"	"RealizationRelationship"	""	""	"id-689803dc532141f2aff67fb219bc4521"	"id-c3f8c53d30b340478d2069fb638ba32f"	""
"id-c00787db664641d2b032c8a524ddf046"	"RealizationRelationship"	""	""	"id-a48418fb275e4c15b67c79ca92bab174"	"id-c3f8c53d30b340478d2069fb638ba32f"	""
"id-80efecfaf7374cb38bbe7ce189819eeb"	"RealizationRelationship"	""	""	"id-fe3c299d8952422ebd4ed0e6b55d80f2"	"id-629289516ce34c35836d4a1b490bf856"	""
"id-59274c0b21794a0ebecbe869b7f9a064"	"RealizationRelationship"	""	""	"id-d6b23c2b651b4e1ca4513c1dde957496"	"id-e649a48f71c64344a575bf5492393b9b"	""
"id-e4ea865447ac4dc1bf4b66951e4c3af6"	"RealizationRelationship"	""	""	"id-87723e8585af46bc8b750f1ecc66edf5"	"id-9e6537d95f044dfdaf888d4286cbfc95"	""
"id-93280bd44fc845f981fc06370fb4c871"	"RealizationRelationship"	""	""	"id-a6f2ea9cfc8446d5a8919f517c3cad2c"	"id-9e6537d95f044dfdaf888d4286cbfc95"	""
"id-906b0042f8bc40f787a7cbe91ca95b23"	"RealizationRelationship"	""	""	"id-c9235cd270c84406971c5049b921fb13"	"id-9e6537d95f044dfdaf888d4286cbfc95"	""
"id-9153fd46a33a42f8a74060cd13a1ec82"	"RealizationRelationship"	""	""	"id-6539db82cbf04ba19db9e9289f055294"	"id-fec2d90d36224d3688f01e78e4d07745"	""
"id-e0dc0611fa814340a1b1dc4fca6cdcbc"	"RealizationRelationship"	""	""	"id-c6194499f1754395b3afc389896ff1f7"	"id-fec2d90d36224d3688f01e78e4d07745"	""
"id-4ca8c51741e8421ca2a407b080f90bb6"	"RealizationRelationship"	""	""	"id-db34bbaa23fd45f2930a7627f7c035a8"	"id-fec2d90d36224d3688f01e78e4d07745"	""
"id-468abaa314324fa69914b4fc249966b9"	"RealizationRelationship"	""	""	"id-0eefcd0e3c744925845941ddf350997f"	"id-fec2d90d36224d3688f01e78e4d07745"	""
"id-755301d777bf4fddafbad4a9ea4de102"	"RealizationRelationship"	""	""	"id-83351599a5b441568f20a063e9722f15"	"id-fec2d90d36224d3688f01e78e4d07745"	""
"id-d38a446e81154349a704453748e5effa"	"RealizationRelationship"	""	""	"id-dec58c12b86c4815a75518bfee1a50d3"	"id-fec2d90d36224d3688f01e78e4d07745"	""
"id-5db541644acf4b94baac63b4ea15b418"	"RealizationRelationship"	""	""	"id-e54aa09f675b4d989d4458e2f2c55437"	"id-74fbee9fe18a4361a87e0264302bb21a"	""
"id-f1ff569941f44ab5b92ef804d64856f0"	"RealizationRelationship"	""	""	"id-94db1f03472a49ecb5ea094fefe3c434"	"id-74fbee9fe18a4361a87e0264302bb21a"	""
"id-bd6b5eade4534b5b9866ca9fe42c0021"	"RealizationRelationship"	""	""	"id-ea7842b39852402481e9753edc0346ac"	"id-74fbee9fe18a4361a87e0264302bb21a"	""
"id-e835e468444d4d81b483798d782b208f"	"RealizationRelationship"	""	""	"id-cfabb48231a94c17839097dcda51f737"	"id-98f612a4fe704c3ea46475a09557dcdb"	""
"id-353f119fd97b490d9f27df143b061862"	"RealizationRelationship"	""	""	"id-5d38fe24c1024abe9b9b906d83471883"	"id-e7b3c06a87ea4ca398a25a70e534ef60"	""
"id-74534b16ae0f41e7a3842af9390c8e3d"	"RealizationRelationship"	""	""	"id-d11aadad73444de8a195c5491d8cdb30"	"id-694b30f4320d4d57ac9385566087653d"	""
"id-7672300e3cda4a8eb07bdce1984ed420"	"RealizationRelationship"	""	""	"id-7ed23fa2b8d3477a81a94e76b10bbebb"	"id-41d632b68b5c4e61ba024f533ec9a8ff"	""
"id-b018d0a78a7145d1921d435e244cb572"	"RealizationRelationship"	""	""	"id-5c05aa029c794682bd9548f60413a0a1"	"id-41d632b68b5c4e61ba024f533ec9a8ff"	""
"id-94c02b2ac76f4da38e026151febb4905"	"RealizationRelationship"	""	""	"id-26c659e694574ee78a5305735e05549b"	"id-d2c0209d662144d8828172516d22cca6"	""
"id-9c9199378f164478abf647c16a4ccefe"	"RealizationRelationship"	""	""	"id-5d38fe24c1024abe9b9b906d83471883"	"id-d2c0209d662144d8828172516d22cca6"	""
"id-9ce9de6d468043c5ba88578fcef43175"	"RealizationRelationship"	""	""	"id-90020adbda02431fbf6e10c781d9ea3f"	"id-660092bd350947bd816976e060d87fc8"	""
"id-d8979900614e44b58d9ae6805749704d"	"RealizationRelationship"	""	""	"id-6a82c8fe006d43578c863bcb0bb8a3fd"	"id-7d61a8d17d3d428fb399e35ec88a9cad"	""
"id-ac0c76bca6a84e7ca24e7c5c9926f2fa"	"RealizationRelationship"	""	""	"id-325752875e6b4f2895a0b3e1f2875446"	"id-bd8b03117f624081ba385edc9ae60698"	""
"id-557b8be6235141de9b654fffcd0bffb9"	"RealizationRelationship"	""	""	"id-75ffad3481d0413ca75b4ced79868424"	"id-bd8b03117f624081ba385edc9ae60698"	""
"id-1bd870ed912a41628dbd3f9c20b0eef6"	"RealizationRelationship"	""	""	"id-11c6a7ac1bf64871b01f2b36909c76ef"	"id-98f612a4fe704c3ea46475a09557dcdb"	""
"id-7cb40d2922c64be4ba25e174300261ca"	"RealizationRelationship"	""	""	"id-455d3576dcf84d7abe4cf83c9e91af18"	"id-98f612a4fe704c3ea46475a09557dcdb"	""
"id-eab6a139515a446793c956bb9b119f45"	"RealizationRelationship"	""	""	"id-a82970961064416a8f5feb84e8d31b63"	"id-6e69e35c7ce9400b91c33080892bbac4"	""
"id-74b3b6c0ddf34146af47551f79e00eb4"	"RealizationRelationship"	""	""	"id-6f2e66603efb4773ba5f787ad4b03197"	"id-6e69e35c7ce9400b91c33080892bbac4"	""
"id-15085f40a0f745ac92360bb53e207189"	"RealizationRelationship"	""	""	"id-eb83ac5c3ccf41eca4ab3feb6af43cd4"	"id-6e69e35c7ce9400b91c33080892bbac4"	""
"id-c92fdd25899f4cbbbc9fb14411e66df4"	"RealizationRelationship"	""	""	"id-23180fe8c9144a3587ff3f64eab39096"	"id-6e69e35c7ce9400b91c33080892bbac4"	""
"id-192ced23e7944e6ebb9f7dae97ddfaca"	"RealizationRelationship"	""	""	"id-8182cb97976643008a6e18d96d2d3ae3"	"id-6e69e35c7ce9400b91c33080892bbac4"	""
"id-5c22beff5d1a4de689e6d02a8f127590"	"RealizationRelationship"	""	""	"id-9ccc5d4a1e95470d8e3070eb70359f69"	"id-6e69e35c7ce9400b91c33080892bbac4"	""
"id-14fd3a1698e34ab3a351cf57d7fbd53b"	"RealizationRelationship"	""	""	"id-ee1f6643c3204feaa6b4b14f231798a7"	"id-6e69e35c7ce9400b91c33080892bbac4"	""
"id-46d1702a9b2c47de8ee77c59dc362cb6"	"RealizationRelationship"	""	""	"id-5040ec00a04c482298ecb108deba8259"	"id-6e69e35c7ce9400b91c33080892bbac4"	""
"id-0903839901894f3f80f9f501ea89da8f"	"RealizationRelationship"	""	""	"id-8f399928269d4cc69482fd6b2791a49a"	"id-6e69e35c7ce9400b91c33080892bbac4"	""
"id-095fb35c640c42b99edc8fa491cb7eda"	"RealizationRelationship"	""	""	"id-48e319efd9554015ad0348717db3e6b5"	"id-d1d823b08be747c4904eae6e5e9adbeb"	""
"id-b857242ffff04c59a98687d6af59bff8"	"RealizationRelationship"	""	""	"id-43593b3004234cb3b0a4ef4c02bff8d5"	"id-a2db4f5a45e4462499592a786375485c"	""
"id-51d071cb201e427f9c54f8bb4fbe8ce9"	"RealizationRelationship"	""	""	"id-62913ece2b3c45d4a067a7494d0208ca"	"id-a2db4f5a45e4462499592a786375485c"	""
"id-6412ffabe49d4eafa755ba180d091f5d"	"RealizationRelationship"	""	""	"id-7cf8d1fbd57349a685d97a4f16d3f924"	"id-54c4fe810f674738920cd9c4640c556a"	""
"id-fe3e27b842a148a0a5804171ec943e16"	"RealizationRelationship"	""	""	"id-7bb8e81849724329b5292c62d588982e"	"id-90fb9aa1603d42449961fe6ae5442ddf"	""
"id-25ca4a21115147b1a6e3f5084752c4cd"	"RealizationRelationship"	""	""	"id-d17b523cd3694470bab6b4bf7c39bf24"	"id-c9d498d5d58e44cdb67285afe7d14587"	""
"id-77606d14d0e34512a44db26b6a51a05a"	"RealizationRelationship"	""	""	"id-47836a5ae115411b837b9b28f9163ece"	"id-c9d498d5d58e44cdb67285afe7d14587"	""
"id-27f984d9401d4731a0f9525edc8de5ac"	"RealizationRelationship"	""	""	"id-f85e26d42a554d62b49004922f876a41"	"id-8056c77f610a49d79708050c8a341a7b"	""
"id-1fbf162512214c648511cd809b7dcae6"	"RealizationRelationship"	""	""	"id-af96792beb964b0baafddf5dbfdd80e5"	"id-8056c77f610a49d79708050c8a341a7b"	""
"id-2d3bd9122c3e493d9ada406153a3f230"	"RealizationRelationship"	""	""	"id-aa67f7889c304e18bc52f0c4b48a698c"	"id-b7d88d50ca804434b4a2fec6a3df01b4"	""
"id-91aea0b27e894be2b56f216b3a84ddb3"	"RealizationRelationship"	""	""	"id-2d19cecdd8804ea3afbbee1969e34986"	"id-b7d88d50ca804434b4a2fec6a3df01b4"	""
"id-af787d405fae47dd831670c8678e15cf"	"RealizationRelationship"	""	""	"id-0c218c9686a0484d9f07889bc33b9192"	"id-b7d88d50ca804434b4a2fec6a3df01b4"	""
"id-2d79ab4044a04e98a8da23a87310ddc4"	"RealizationRelationship"	""	""	"id-d57df4ad2a684d4382e38c5e12cf5a90"	"id-b7d88d50ca804434b4a2fec6a3df01b4"	""
"id-87355b96280f410a83b520b8976f51f2"	"RealizationRelationship"	""	""	"id-c3d9ce694ab84b228bf41ce491d51ff1"	"id-b7d88d50ca804434b4a2fec6a3df01b4"	""
"id-f318e778dd884565a9bb52c81ce660ef"	"RealizationRelationship"	""	""	"id-c3e5f92ccad54bf284a01960c1c2eb61"	"id-b7d88d50ca804434b4a2fec6a3df01b4"	""
"id-99710379794c4c18a4885bc26430f51d"	"RealizationRelationship"	""	""	"id-b27689a27f0b47d2b6da6cbca6aa8dcf"	"id-03ce5791bbf04015a7caf535482281e7"	""
"id-92b211985b964e8782444e5fa6fe3bc3"	"RealizationRelationship"	""	""	"id-44d3d91876764b658e51242df8d66ba9"	"id-03ce5791bbf04015a7caf535482281e7"	""
"id-62cf559208fd4df6b270b61c9376a3f5"	"RealizationRelationship"	""	""	"id-7ed23fa2b8d3477a81a94e76b10bbebb"	"id-751841dd2f2d4b42aa64ca1685d1432a"	""
"id-b8297d6227d7499db1d1a0f5c1b518c3"	"RealizationRelationship"	""	""	"id-acd552e9cd424aa29c10d1596fd174c5"	"id-5e68be7d0eef409cae53be8925831152"	""
"id-e57c48c4034541ae91cc690901ccfc6f"	"RealizationRelationship"	""	""	"id-b3172ef212924ada82befe51f8173eb7"	"id-e1f00395d39f4efb82af08c3b7e3494a"	""
"id-3b354b30772d45ce85a933b67ffff2ab"	"RealizationRelationship"	""	""	"id-a2083411bf9d4345b113f7f609623367"	"id-5422e16dab6147c09f3e998fd3d6addb"	""
"id-deef335f01d0483c8dba676019bb8f49"	"RealizationRelationship"	""	""	"id-aef32662a2ef47f49894a22cafa58903"	"id-5422e16dab6147c09f3e998fd3d6addb"	""
"id-fc4452b08ade4d66a93e9132815bf810"	"RealizationRelationship"	""	""	"id-d8af45ecf79e4a889ad6340dfdb66d3d"	"id-63c3f842cd7a43ccbc472d6f6d701778"	""
"id-fe7576857cf147f29d93029a887ee240"	"RealizationRelationship"	""	""	"id-7daf54e4d38441d991738ed5bf956af1"	"id-63c3f842cd7a43ccbc472d6f6d701778"	""
"id-a64b4f7737c74df9ab90a83d03aa1957"	"RealizationRelationship"	""	""	"id-c245402b3a7e4b4f9d5d8ba2d6d246cb"	"id-63c3f842cd7a43ccbc472d6f6d701778"	""
"id-7967b1916e804843b80ef2171b6235f6"	"RealizationRelationship"	""	""	"id-8c8055ffe3d34a3d8633b22465e7a06f"	"id-63c3f842cd7a43ccbc472d6f6d701778"	""
"id-c5321d6c8e384cf88b1717256982301a"	"RealizationRelationship"	""	""	"id-ccbe009120e04ea48ff9f58fa8687809"	"id-8322dc854d0c43b1a5ec14f0103ed14a"	""
"id-60befc3a9d55401185fe941880ac5f1e"	"RealizationRelationship"	""	""	"id-8268fb4d35fd44c8bc02c3fe75f31402"	"id-049ae85771ee40909dfbc975cc2a9e8c"	""
"id-df6f56ca04c442dca6cad26139e25bd9"	"RealizationRelationship"	""	""	"id-8268fb4d35fd44c8bc02c3fe75f31402"	"id-cdd4e12fb1b948548e8cf85b7b137280"	""
"id-55b15734772547df971b19501f8e391e"	"RealizationRelationship"	""	""	"id-8268fb4d35fd44c8bc02c3fe75f31402"	"id-47436d39cb214272b5c8f46128ee347c"	""
"id-47da640c3de74bbe99a033dc482f08cc"	"RealizationRelationship"	""	""	"id-8268fb4d35fd44c8bc02c3fe75f31402"	"id-a7972f02dc8e44168fd67bc694afc66b"	""
"id-66ee3dfcb3cc484197cb42d755b4e2ac"	"RealizationRelationship"	""	""	"id-8268fb4d35fd44c8bc02c3fe75f31402"	"id-2a90fff2eb624fb6be2de2f501465d4e"	""
"id-74c6212a732b4a55b98e8e8ff535ed9c"	"RealizationRelationship"	""	""	"id-8268fb4d35fd44c8bc02c3fe75f31402"	"id-a3bcdcde8beb4b23aaea4dd4c7700892"	""
"id-e937459427d34d96bc56870e0336739b"	"RealizationRelationship"	""	""	"id-8268fb4d35fd44c8bc02c3fe75f31402"	"id-9073ebafa565448da506897e42dcc711"	""
"id-f5b6b0806f7d4bda8ec891774ebbb084"	"RealizationRelationship"	""	""	"id-8268fb4d35fd44c8bc02c3fe75f31402"	"id-da2cac2fb2a94227a3e46570cfae52e3"	""
"id-d837530fd05748acb5db1bc201de7e02"	"RealizationRelationship"	""	""	"id-8268fb4d35fd44c8bc02c3fe75f31402"	"id-a67a7360e60d4949b39465a954cabea2"	""
"id-1313efc4e07c489594c6949d4b0d6234"	"RealizationRelationship"	""	""	"id-8268fb4d35fd44c8bc02c3fe75f31402"	"id-13b15e6fb1b14c4185c03adaa921f314"	""
"id-f1de890da4174346a716d4d48e37b7f7"	"RealizationRelationship"	""	""	"id-8268fb4d35fd44c8bc02c3fe75f31402"	"id-03be6fc72da44cd3b09552823383a8f0"	""
"id-a3152a10a2014df99f78a70f8715ac67"	"RealizationRelationship"	""	""	"id-8268fb4d35fd44c8bc02c3fe75f31402"	"id-eaf515e2d81349b6a77b162325d288de"	""
"id-14419d9a1485478db506921bbd798428"	"RealizationRelationship"	""	""	"id-8268fb4d35fd44c8bc02c3fe75f31402"	"id-33dd3891984a49fda6cd2be942f6535a"	""
"id-d06f03e3c49048c5a71088e39958b069"	"RealizationRelationship"	""	""	"id-049ae85771ee40909dfbc975cc2a9e8c"	"id-c3f8c53d30b340478d2069fb638ba32f"	""
"id-ba01c524d3734ff0a2fea667ec419c37"	"RealizationRelationship"	""	""	"id-cdd4e12fb1b948548e8cf85b7b137280"	"id-c3f8c53d30b340478d2069fb638ba32f"	""
"id-376cf2a797854c649fe6edb8c62c8f04"	"RealizationRelationship"	""	""	"id-33dd3891984a49fda6cd2be942f6535a"	"id-c3f8c53d30b340478d2069fb638ba32f"	""
"id-57db9c82f33b4054ac008dcf60bf7dbd"	"RealizationRelationship"	""	""	"id-a7972f02dc8e44168fd67bc694afc66b"	"id-03ce5791bbf04015a7caf535482281e7"	""
"id-01d8289e0bc5448483cc04cbc95f914e"	"RealizationRelationship"	""	""	"id-2a90fff2eb624fb6be2de2f501465d4e"	"id-629289516ce34c35836d4a1b490bf856"	""
"id-ce76f6030e1744619c1bdd0a1888bfec"	"RealizationRelationship"	""	""	"id-eaf515e2d81349b6a77b162325d288de"	"id-629289516ce34c35836d4a1b490bf856"	""
"id-f63a1592c0dd439a94f2ba99c3781cb6"	"RealizationRelationship"	""	""	"id-da2cac2fb2a94227a3e46570cfae52e3"	"id-c3f8c53d30b340478d2069fb638ba32f"	""
"id-31e1e9aae2684e718e281a32aa39af6b"	"RealizationRelationship"	""	""	"id-9073ebafa565448da506897e42dcc711"	"id-c3f8c53d30b340478d2069fb638ba32f"	""
"id-01a185ffdaad4cf39d86f36d34418d35"	"RealizationRelationship"	""	""	"id-a3bcdcde8beb4b23aaea4dd4c7700892"	"id-c3f8c53d30b340478d2069fb638ba32f"	""
"id-e7dec851dfc24c6ab9c99669e4ebe035"	"RealizationRelationship"	""	""	"id-47436d39cb214272b5c8f46128ee347c"	"id-c3f8c53d30b340478d2069fb638ba32f"	""
"id-05a4588318f64b20857c9fd5c430b1f3"	"RealizationRelationship"	""	""	"id-03be6fc72da44cd3b09552823383a8f0"	"id-751841dd2f2d4b42aa64ca1685d1432a"	""
"id-1a19baa9b1eb4a2e9645e46dcda6403e"	"RealizationRelationship"	""	""	"id-13b15e6fb1b14c4185c03adaa921f314"	"id-edf469ea1d144d0584eb274664a19119"	""
"id-00ee56ef825949dc9d0c9e2478a8c292"	"RealizationRelationship"	""	""	"id-a67a7360e60d4949b39465a954cabea2"	"id-c3f8c53d30b340478d2069fb638ba32f"	""
"id-235a9ed0f4f244178155499d6b7e496c"	"RealizationRelationship"	""	""	"id-77d0cf9d55934478b01e56d798b39a79"	"id-e3f58f0e13c14fe5aa141696a984365d"	""
"id-d8c6b04f509a4614bd43e15dd3c593cf"	"RealizationRelationship"	""	""	"id-77d0cf9d55934478b01e56d798b39a79"	"id-d5ee7fbf5eab4a6dafce780a5a1ca010"	""
"id-580d57111e7b4209808180a25fda2473"	"RealizationRelationship"	""	""	"id-d5ee7fbf5eab4a6dafce780a5a1ca010"	"id-b7d88d50ca804434b4a2fec6a3df01b4"	""
"id-5c519e000b9a42a6aeeef1b528a9ae5f"	"RealizationRelationship"	""	""	"id-e3f58f0e13c14fe5aa141696a984365d"	"id-b7d88d50ca804434b4a2fec6a3df01b4"	""
"id-315bbdd296d8424893bfca50b842572f"	"RealizationRelationship"	""	""	"id-77d0cf9d55934478b01e56d798b39a79"	"id-b7d88d50ca804434b4a2fec6a3df01b4"	""
"id-33ef2ef1f45242a88bd2022dae2d8664"	"RealizationRelationship"	""	""	"id-1d8685805928411396af461ef6e2d5ed"	"id-d3cd4133f2ad4f7da98c1a31cbdb14e8"	""
"id-9f664cf1c7c44debb8f15e78c10efb33"	"RealizationRelationship"	""	""	"id-6f4fd36360af4af892d20ffaba1cf867"	"id-acc7535f47bc4c6ea753c5b708b65c5d"	""
"id-87938656ee0f43f7bfa36bcbf9cf2590"	"RealizationRelationship"	""	""	"id-6f4fd36360af4af892d20ffaba1cf867"	"id-9c862f3694224bf68a1ab6cf2de69d43"	""
"id-267e7181553a4d01ae1b5eeda000798f"	"RealizationRelationship"	""	""	"id-59929d64c59742ebbca1e2abdd1992fd"	"id-acc7535f47bc4c6ea753c5b708b65c5d"	""
"id-fe4230efb267428ea77b0ca56ff43b72"	"RealizationRelationship"	""	""	"id-67862b457e5a4d4bad1ac153e18a587d"	"id-3cc3f351ec234daab6d2cfc1fefd908d"	""
"id-110d3a235d0f461baf21ecdc394ee2a6"	"RealizationRelationship"	""	""	"id-731de004590e4fd9aff7ccc096f05ae8"	"id-3cc3f351ec234daab6d2cfc1fefd908d"	""
"id-758cdb2ee68a46c99713adf9be285255"	"RealizationRelationship"	""	""	"id-2f77577dede341f3a73c470f2a2744e8"	"id-6a508f45bc1f455a8cc40bbc68615db4"	""
"id-96e6ad82b4814d5b98e399968968c13b"	"RealizationRelationship"	""	""	"id-2f77577dede341f3a73c470f2a2744e8"	"id-af2e5dd4138545178fbd945da2c53270"	""
"id-dd5581e2c2a44896a164c2d7a29e19e2"	"RealizationRelationship"	""	""	"id-53f4ba782e7d4936bf4d4aedfec85913"	"id-1b1d8a83b2544c2db0e3fd258968853c"	""
"id-a76c1a50a46044a4b3501a7b3bc260a3"	"RealizationRelationship"	""	""	"id-30686bc89e414b5e957e92c0bc2539f2"	"id-53f4ba782e7d4936bf4d4aedfec85913"	""
"id-32a6b970a1124af1ac38067fa551173f"	"RealizationRelationship"	""	""	"id-db5cb52b4d7c4e5c8a92c001d8ec1f46"	"id-77d0cf9d55934478b01e56d798b39a79"	""
"id-66d87146bd4249abb3d2a14a03ed8c1d"	"RealizationRelationship"	""	""	"id-db5cb52b4d7c4e5c8a92c001d8ec1f46"	"id-6cb3f4d7838a41be9b6265513e9039b0"	""
"id-68e29891c69b4a69a569c446462ae12f"	"RealizationRelationship"	""	""	"id-db5cb52b4d7c4e5c8a92c001d8ec1f46"	"id-8268fb4d35fd44c8bc02c3fe75f31402"	""
"id-3a954ece8f824c39ae21ea9711c5ddaf"	"RealizationRelationship"	""	""	"id-ce0f2d9ddcdc4ac19152cfba6611dc07"	"id-ee71097890f7455c8489f6bcc41f3675"	""
"id-4d9185a7bdd3434eb8fcfd0c12cf4aeb"	"RealizationRelationship"	""	""	"id-ce0f2d9ddcdc4ac19152cfba6611dc07"	"id-a709f95e3fc0437db98754d4d4608194"	""
"id-c774e7710b0e403bba72a89ddafbd878"	"RealizationRelationship"	""	""	"id-ce0f2d9ddcdc4ac19152cfba6611dc07"	"id-c5cb5b7f20694410ae4fa5706babe04d"	""
"id-51a8dea39d694b0f8a12214124a39811"	"RealizationRelationship"	""	""	"id-ce0f2d9ddcdc4ac19152cfba6611dc07"	"id-c2d475b992dc45078a08a1a14ea28f5d"	""
"id-8193049889814e44a3e7e9f1e17e8355"	"RealizationRelationship"	""	""	"id-ce0f2d9ddcdc4ac19152cfba6611dc07"	"id-7da3f3d13c9a4229a15fac833e414ce4"	""
"id-982986a9fdb646d391d08675678204ed"	"RealizationRelationship"	""	""	"id-ce0f2d9ddcdc4ac19152cfba6611dc07"	"id-99f3449423d94779977d1250035c9d84"	""
"id-d3d4f644b8c54195ae7936f92abdd876"	"RealizationRelationship"	""	""	"id-ce0f2d9ddcdc4ac19152cfba6611dc07"	"id-f48a88b2814a4995a1f9753787f5d4a6"	""
"id-6b2b538f8478418dafeb906b4126d8e2"	"RealizationRelationship"	""	""	"id-ce0f2d9ddcdc4ac19152cfba6611dc07"	"id-0282275118e84d3bbcf7f9868d52a1fa"	""
"id-f33d094683054766bf61e6a78347fc67"	"RealizationRelationship"	""	""	"id-ce0f2d9ddcdc4ac19152cfba6611dc07"	"id-1cdf5bfa9edd4aae9a1e61d3fec30350"	""
"id-cefda8c25b2c42b7a86b64b79f031cd1"	"RealizationRelationship"	""	""	"id-ce0f2d9ddcdc4ac19152cfba6611dc07"	"id-23e5af0708fb4467b610560f4fcb29a4"	""
"id-e2c96ac17a784dca83b4572ed94db9e1"	"RealizationRelationship"	""	""	"id-ce0f2d9ddcdc4ac19152cfba6611dc07"	"id-d876d277d47048638fe759763989f4f0"	""
"id-fb46ebec3e0642379de1bb702b4243ed"	"RealizationRelationship"	""	""	"id-ce0f2d9ddcdc4ac19152cfba6611dc07"	"id-1a4cc530ce6f40a691ad6ac492bdbd55"	""
"id-e516b0e444534ae0997c41b233434fab"	"RealizationRelationship"	""	""	"id-ce0f2d9ddcdc4ac19152cfba6611dc07"	"id-c76c820f60344fdd8a7227e9126c4ed3"	""
"id-12f20070314147b99ab3155302a77430"	"RealizationRelationship"	""	""	"id-ce0f2d9ddcdc4ac19152cfba6611dc07"	"id-dc771ac71def481b9bb4e938d88a9790"	""
"id-02cb12c8bdbe4ccaadb658bf50bc280e"	"RealizationRelationship"	""	""	"id-0390a466f55d4f60a6aec1e00cf92931"	"id-7f036ad2bfea4611b69a7914ea6355a5"	""
"id-0ba6d18bdbcf4fac8a4ee56a26889abe"	"RealizationRelationship"	""	""	"id-0390a466f55d4f60a6aec1e00cf92931"	"id-a47442c6b2fa40cbbc94a50311af5291"	""
"id-2657c8c872f74f5fbe183b4b32f3ffd4"	"RealizationRelationship"	""	""	"id-0390a466f55d4f60a6aec1e00cf92931"	"id-a69730108dcd4a798113a877e09e295e"	""
"id-1f0b18e8b9514f908b0f862d28d8c824"	"RealizationRelationship"	""	""	"id-0390a466f55d4f60a6aec1e00cf92931"	"id-d92dd2620d164dc2b96469b3fb8b4ee7"	""
"id-4c747e221c724e9884c0e0d4ad683874"	"RealizationRelationship"	""	""	"id-0390a466f55d4f60a6aec1e00cf92931"	"id-65466273a74840dab43bdba14fc6c5fb"	""
"id-6efbe57f3485472cb2cd58b54f5a9e34"	"RealizationRelationship"	""	""	"id-0390a466f55d4f60a6aec1e00cf92931"	"id-9659e4d66e3c4a228a233ca5a1782474"	""
"id-191097ec8c4d40cca402958f6b01516f"	"RealizationRelationship"	""	""	"id-b38879fcea7f44738f6fa3c50ef1f34c"	"id-1cdf5bfa9edd4aae9a1e61d3fec30350"	""
"id-efced2b536f8417292aab9942e4eae4f"	"RealizationRelationship"	""	""	"id-0390a466f55d4f60a6aec1e00cf92931"	"id-cfa8b0ab78d1448da21ae3db25d8e0f6"	""
"id-18fffb65a59b43a4a32c50c7dc4ff12a"	"RealizationRelationship"	""	""	"id-dcb768db1f3144d282262c09d56cddbd"	"id-0313e917c3f140969652221aa6fe6212"	""
"id-e813c5be5c3b40fc8ef454132efb424d"	"RealizationRelationship"	""	""	"id-02dc09d15b8444c6854384b17605fcb5"	"id-0313e917c3f140969652221aa6fe6212"	""
"id-8234b1a7657c4d808ea67d90e95936e4"	"RealizationRelationship"	""	""	"id-ce0f2d9ddcdc4ac19152cfba6611dc07"	"id-e6b83a5177264f53893968509385fc92"	""
"id-3fbbe76cb1884d558dd88d732ba4133d"	"RealizationRelationship"	""	""	"id-ce0f2d9ddcdc4ac19152cfba6611dc07"	"id-0af5506e7b3d465bbeda8d56ef92dba3"	""
"id-37f45f8a08954c40b9e6acde678f8426"	"RealizationRelationship"	""	""	"id-ce0f2d9ddcdc4ac19152cfba6611dc07"	"id-c1b4b1e130fb4ee685452af164744edd"	""
"id-8533f92f30c74737927b1c02b73d7244"	"RealizationRelationship"	""	""	"id-ce0f2d9ddcdc4ac19152cfba6611dc07"	"id-f8afab317dcb4a1c950221d8f8cfb2cb"	""
"id-62af64379efa4626ba21786f4f14a42a"	"ServingRelationship"	""	""	"id-677e326a0ffb4f9298548143156fb5f3"	"id-788c271c7dea454caf658ef7f763d0a2"	""
"id-db23162009614e57a372532ca7eef6e6"	"ServingRelationship"	""	""	"id-7125e0d9d6794660970596e4993e9791"	"id-ba6e84decd7c46a8bafec51992addf08"	""
"id-be6cc20f3d284af6ae4d9444a85747e2"	"ServingRelationship"	""	""	"id-f587e9c98a074ae68cd68dc213fe2182"	"id-c3f8c53d30b340478d2069fb638ba32f"	""
"id-bd28829074f1473ab1d40cd52791572a"	"ServingRelationship"	""	""	"id-f587e9c98a074ae68cd68dc213fe2182"	"id-629289516ce34c35836d4a1b490bf856"	""
"id-5fa5d709b9bd4c50aedf51055770f35e"	"ServingRelationship"	""	""	"id-f587e9c98a074ae68cd68dc213fe2182"	"id-e649a48f71c64344a575bf5492393b9b"	""
"id-714a4ed1014f460988b68832544ddb71"	"ServingRelationship"	""	""	"id-c39d5563e2f4454bb0d68e13564f4006"	"id-74fbee9fe18a4361a87e0264302bb21a"	""
"id-694d11f6d1f84ee1ad1359da271e9bcf"	"ServingRelationship"	""	""	"id-6bd1c85878c444928dbeb82226ef72cc"	"id-74fbee9fe18a4361a87e0264302bb21a"	""
"id-bd4ea5d97ec44d5d88484b79c6238fde"	"ServingRelationship"	""	""	"id-879834e263104de59c8b8efd5abca1a6"	"id-74fbee9fe18a4361a87e0264302bb21a"	""
"id-53a873cdd23e482796c3f02eb5a53176"	"ServingRelationship"	""	""	"id-500b26d1f16547bab993750b9db017ff"	"id-d2c0209d662144d8828172516d22cca6"	""
"id-76c03d1ab10f401aa2cd397151f0b92c"	"ServingRelationship"	""	""	"id-83d96964864a460886ca210d9cbe4f6d"	"id-41d632b68b5c4e61ba024f533ec9a8ff"	""
"id-ef09c0df1fbe4e559041bbecd0691edc"	"ServingRelationship"	""	""	"id-500b26d1f16547bab993750b9db017ff"	"id-694b30f4320d4d57ac9385566087653d"	""
"id-151da11522424eb5a70a2a361bc8fea2"	"ServingRelationship"	""	""	"id-29d555019c96462cb8dec432cbf95c5d"	"id-0d53910b41094cf392be7518a1c11a8b"	""
"id-d0e21e1575624d6eac687604c7a1838d"	"ServingRelationship"	""	""	"id-1af8b95da47d4c52895d83da92defa2c"	"id-6e69e35c7ce9400b91c33080892bbac4"	""
"id-d767a82539ff4a68824323b448461c17"	"ServingRelationship"	""	""	"id-879834e263104de59c8b8efd5abca1a6"	"id-98f612a4fe704c3ea46475a09557dcdb"	""
"id-ae3f020e228742408e5c0db3e293c1d0"	"ServingRelationship"	""	""	"id-1af8b95da47d4c52895d83da92defa2c"	"id-98f612a4fe704c3ea46475a09557dcdb"	""
"id-5a7dde6c08da48c4b53be8051d6314f8"	"ServingRelationship"	""	""	"id-1af8b95da47d4c52895d83da92defa2c"	"id-bd8b03117f624081ba385edc9ae60698"	""
"id-7e46ad1bc90a482f991e6021b6ba4844"	"ServingRelationship"	""	""	"id-d21f508a010141dfb4a34bd4753c5b60"	"id-660092bd350947bd816976e060d87fc8"	""
"id-fd4d788698b34f9d95da8592c238c32d"	"ServingRelationship"	""	""	"id-9607f3c71b7e4d1795401a585e12cd73"	"id-d2e8234e4e8d478fa6b4330fa827113f"	""
"id-8d6bba8896524485bb7f5be96ac809ad"	"ServingRelationship"	""	""	"id-e3f8f43980074c71a9b4bb9579645445"	"id-d1d823b08be747c4904eae6e5e9adbeb"	""
"id-2514ff2255eb4422a0bc359127d72846"	"ServingRelationship"	""	""	"id-e3f8f43980074c71a9b4bb9579645445"	"id-a2db4f5a45e4462499592a786375485c"	""
"id-ec6779f786f543829889db5f38dca485"	"ServingRelationship"	""	""	"id-e3f8f43980074c71a9b4bb9579645445"	"id-b7d88d50ca804434b4a2fec6a3df01b4"	""
"id-0e91be481656458d861d61bf1ba8e151"	"ServingRelationship"	""	""	"id-ade22d76bf0c4eb9a4d2d7581163389f"	"id-751841dd2f2d4b42aa64ca1685d1432a"	""
"id-c80e52ec074648488c1b39c8e958845c"	"ServingRelationship"	""	""	"id-3e996b276be44f2b9e8b28a16c1b7242"	"id-c9d498d5d58e44cdb67285afe7d14587"	""
"id-475c5f9fdc764b559fd5f0dd7a2fd323"	"ServingRelationship"	""	""	"id-3e996b276be44f2b9e8b28a16c1b7242"	"id-90fb9aa1603d42449961fe6ae5442ddf"	""
"id-2c98e7198f3645328a6eee5f93cd5b06"	"ServingRelationship"	""	""	"id-3e996b276be44f2b9e8b28a16c1b7242"	"id-8056c77f610a49d79708050c8a341a7b"	""
"id-92522cf919d74c88b03c29cb98ca96be"	"ServingRelationship"	""	""	"id-3e996b276be44f2b9e8b28a16c1b7242"	"id-5e68be7d0eef409cae53be8925831152"	""
"id-a2066a0fc91d4e47af0040bb5d578d46"	"ServingRelationship"	""	""	"id-3e996b276be44f2b9e8b28a16c1b7242"	"id-e1f00395d39f4efb82af08c3b7e3494a"	""
"id-bbc88294b40143bf89b7dda1cd096625"	"ServingRelationship"	""	""	"id-3e996b276be44f2b9e8b28a16c1b7242"	"id-54c4fe810f674738920cd9c4640c556a"	""
"id-479e06c147fb4851a34cf6b241e9931c"	"ServingRelationship"	""	""	"id-3e996b276be44f2b9e8b28a16c1b7242"	"id-03ce5791bbf04015a7caf535482281e7"	""
"id-09f0b2cacdb74902b09ccf606653b4cd"	"ServingRelationship"	""	""	"id-7c30e2791270499e939792a60148d22c"	"id-63c3f842cd7a43ccbc472d6f6d701778"	""
"id-e56ce7268d5b445ba031a53365e2b8b5"	"ServingRelationship"	""	""	"id-7c30e2791270499e939792a60148d22c"	"id-5422e16dab6147c09f3e998fd3d6addb"	""
"id-2fddaf7e42004a98a8bbf807bff8c76c"	"ServingRelationship"	""	""	"id-e0261bc84bdc4d22aa35aa8641634f26"	"id-9e6537d95f044dfdaf888d4286cbfc95"	""
"id-2453ceaf518f44159e65f6ec0bb802c3"	"ServingRelationship"	""	""	"id-6bd1c85878c444928dbeb82226ef72cc"	"id-fec2d90d36224d3688f01e78e4d07745"	""
"id-37d9250da2994cf6846b4acd4e6d1a55"	"ServingRelationship"	""	""	"id-c86cdf5b1a4f4d0a83f47ceb9a1b13d9"	"id-fec2d90d36224d3688f01e78e4d07745"	""
"id-f48cb729e7724871b44f9983a5afa626"	"ServingRelationship"	""	""	"id-c39d5563e2f4454bb0d68e13564f4006"	"id-fec2d90d36224d3688f01e78e4d07745"	""
"id-05cad395ffbd45bd88a35964383b3eef"	"ServingRelationship"	""	""	"id-00a5010dca824e1687d4ec6562c41d72"	"id-edf469ea1d144d0584eb274664a19119"	""
"id-7c4199458931458c80b0efa06e2df8df"	"ServingRelationship"	""	""	"id-368ed28bd6574113b9d99e62db557899"	"id-43ef314ebb9c445aaaaa3501015400d9"	""
"id-beb86d4e55bc4b3b8ce83f1875cc887e"	"ServingRelationship"	""	""	"id-368ed28bd6574113b9d99e62db557899"	"id-7e2d00b4f93f441da91fd621c91599f6"	""
"id-2e6e3f4a1931432a9ddff57413ce328e"	"ServingRelationship"	""	""	"id-6673c1fe4c584a3481a5273a5fe6c7a7"	"id-af43920588564013bf583243ccdd2e18"	""
"id-1eceb78e6279404a9b18f689322834df"	"ServingRelationship"	""	""	"id-6673c1fe4c584a3481a5273a5fe6c7a7"	"id-2dda7453935e4fc787746a64220fdaf7"	""
"id-9040a76066144bbd8a03ee32f6af74fc"	"ServingRelationship"	""	""	"id-6673c1fe4c584a3481a5273a5fe6c7a7"	"id-f188caa6245c4e199b460ac74bbc48d8"	""
"id-7b2a5efe545d4da985565cdbe6b08ca6"	"ServingRelationship"	""	""	"id-3c01de978fbb4bda8fd9f840c97bdbe9"	"id-8a9d93d7eb8a4ed682056596b9c6100f"	""
"id-8af996663e3b46f898c49d66f1880a57"	"ServingRelationship"	""	""	"id-3c01de978fbb4bda8fd9f840c97bdbe9"	"id-6f2636f7953446edbd03677437a96b91"	""
"id-13900c185b5643c7af19ee7ca07255be"	"ServingRelationship"	""	""	"id-2df51623ecd943b1a1411c84b828934b"	"id-bbb597ef29774f6b9783d6cad347e064"	""
"id-4923a69d63524aef9441cfad54439e60"	"ServingRelationship"	""	""	"id-a86af3f5728a4732b2aaf3f257ef818e"	"id-17be19dd04a04cb79ca43cedad81b7b7"	""
"id-e3407bcf61d64ba9b20bfc58d0e4e8b9"	"ServingRelationship"	""	""	"id-a86af3f5728a4732b2aaf3f257ef818e"	"id-94fbf52e54d947df99a6dfc7b90091e8"	""
"id-79badef4a5884d85a0a534823bc64ca5"	"ServingRelationship"	""	""	"id-a86af3f5728a4732b2aaf3f257ef818e"	"id-69da15dbe2594bf79e8133fcf8ea7f8b"	""
"id-120c443265f143748ceb269196805171"	"ServingRelationship"	""	""	"id-5e8ed4643f6047278462bd8271f9c16b"	"id-49040fed82dd4759ae0f75d62996bb03"	""
"id-fcf133af44834c4da8022ba6562a00f7"	"ServingRelationship"	""	""	"id-5e8ed4643f6047278462bd8271f9c16b"	"id-a2417deb27524d08909e1128d720d9f1"	""
"id-31e988dbc97d4ee3aca564d3bfb1f11e"	"ServingRelationship"	""	""	"id-5e8ed4643f6047278462bd8271f9c16b"	"id-358695ea3b064e0e8394d8a29652845e"	""
"id-9f8bd589d2664f65a82480dfebe46d52"	"ServingRelationship"	""	""	"id-2ca5419aef0b477c84379ff52dbb455b"	"id-432be22574b24434aa9db3020b9e1ed4"	""
"id-d290863a1ce1448799e2cb7bebc14f6d"	"ServingRelationship"	""	""	"id-2ca5419aef0b477c84379ff52dbb455b"	"id-341ee850b35345cbb8db89f067986fa3"	""
"id-da4829458eb44a58917356d05cac647c"	"ServingRelationship"	""	""	"id-2ca5419aef0b477c84379ff52dbb455b"	"id-a4cf18ff5ca44e47b4dc9df275b4d2ed"	""
"id-cb09155e3995428c9a10656e8469ceca"	"ServingRelationship"	""	""	"id-2ca5419aef0b477c84379ff52dbb455b"	"id-76b4c4ddd9b84964975b5768f12284c4"	""
"id-74d35dd0fe5942a6905e48faa5b6e2d3"	"ServingRelationship"	""	""	"id-0313e917c3f140969652221aa6fe6212"	"id-b38879fcea7f44738f6fa3c50ef1f34c"	""
"id-c4c4312388b84cacbd77f3166face738"	"ServingRelationship"	""	""	"id-0313e917c3f140969652221aa6fe6212"	"id-cfa8b0ab78d1448da21ae3db25d8e0f6"	""
"id-edce93c174064ee2a70e74f87e068bf0"	"ServingRelationship"	""	""	"id-fd9448635f5a48d1a8d2c05246994d05"	"id-7f036ad2bfea4611b69a7914ea6355a5"	""
"id-97a983cf5b414df28db21176fd88fa7a"	"ServingRelationship"	""	""	"id-f718c02e37e1422c895a80c07dc39828"	"id-d92dd2620d164dc2b96469b3fb8b4ee7"	""
"id-d5456261ab724b959fae49c3f1de0273"	"ServingRelationship"	""	""	"id-a709f95e3fc0437db98754d4d4608194"	"id-d52b5c091c604c5ea0b6cf7393d7b2d2"	""
"id-ce493d3428bc4da5a6e323f1b15f1193"	"ServingRelationship"	""	""	"id-c5cb5b7f20694410ae4fa5706babe04d"	"id-9fb651615961485b9cd11325a2ffe38b"	""
"id-bdf4b584f0254cbea282c46c49a1f219"	"ServingRelationship"	""	""	"id-99f3449423d94779977d1250035c9d84"	"id-4ed9bc4ee72c48b6a57c5a2e8132e88b"	""
"id-29e19f463e3b416f88325bc7bd5db00e"	"ServingRelationship"	""	""	"id-0282275118e84d3bbcf7f9868d52a1fa"	"id-dcebcc227edc4e9ea436969e7d7c6594"	""
"id-db4610289a5046cea12f8c86914d2ec7"	"ServingRelationship"	""	""	"id-d876d277d47048638fe759763989f4f0"	"id-4c6aac014e6d457fa93ac825b9858b7b"	""
"id-6dfc658cddfb46adb43be033b6e8f85f"	"ServingRelationship"	""	""	"id-1a4cc530ce6f40a691ad6ac492bdbd55"	"id-5492c69ec4fc496f9452b6c78810fec5"	""
"id-6d5778660d4348e5ad0d34dbad9686a2"	"ServingRelationship"	""	""	"id-c76c820f60344fdd8a7227e9126c4ed3"	"id-dcebcc227edc4e9ea436969e7d7c6594"	""
"id-a7b3cc46f3e54b978aac689cebd1303b"	"ServingRelationship"	""	""	"id-f48a88b2814a4995a1f9753787f5d4a6"	"id-14ce6028858a4cbeb8d60be4b8f3c584"	""
"id-a2d8dcf90666463a9832694fc924f0a6"	"SpecializationRelationship"	""	""	"id-fb55c3fc7ca146b5bb44f19433a6c072"	"id-ab6d78cdf80b432a9927017395cc2fd2"	""
"id-70586050614f474ba78ae26537668d39"	"SpecializationRelationship"	""	""	"id-e64e34c2d353440babcc5a65aca196c4"	"id-eb1c32ceac5b498ab27d6bb4fca5df45"	""
"id-6d8b75f6a18941babbeed18ec50c5c72"	"TriggeringRelationship"	""	""	"id-1d819a51d38c4902beaeead9f828249b"	"id-4c1eeae175a1460ea22a994d40333d8e"	""
"id-48c263fd89194e13b3119054f1775724"	"TriggeringRelationship"	""	""	"id-1d819a51d38c4902beaeead9f828249b"	"id-e5f5bc0517d8463a8fc37aaad921a06b"	""